img_src,name,core_count,core_clock_GHz,boost_clock_GHz,tdp_W,integrated_graphics,price,link,socket,rating_number, rating
//cdna.pcpartpicker.com/static/forever/images/product/ab31eff2865edb93498c3ab8707d4c71.256p.jpg,Intel Pentium Gold G6400,2,4,,58,Intel UHD Graphics 610,63.81,https://es.pcpartpicker.com/product/FvCFf7/intel-pentium-gold-g6400-4-ghz-dual-core-processor-bx80701g6400,LGA1200,2,5
//cdna.pcpartpicker.com/static/forever/images/product/6be6a2a6df1721fef27435a91c501521.256p.jpg,Intel Celeron G5900,2,3.4,,58,Intel UHD Graphics 610,66.98,https://es.pcpartpicker.com/product/37gQzy/intel-celeron-g5900-34-ghz-dual-core-processor-bx80701g5900,LGA1200,3,5
//cdna.pcpartpicker.com/static/forever/images/product/1b6a8775e713620ebc864fb7bcc38ce5.256p.jpg,Intel Core i3-10100F,4,3.6,4.3,65,,71.4,https://es.pcpartpicker.com/product/r8Dkcf/intel-core-i3-10100f-36-ghz-quad-core-processor-bx8070110100f,LGA1200,19,4.8
//cdna.pcpartpicker.com/static/forever/images/product/104690dc90e6297964380eeb9204f524.256p.jpg,Intel Core i3-10105F,4,3.7,4.4,65,,76.97,https://es.pcpartpicker.com/product/hYgFf7/intel-core-i3-10105f-37-ghz-quad-core-processor-bx8070110105f,LGA1200,3,5
https://m.media-amazon.com/images/I/41T-2ioP-ML.jpg,Intel Core 2 Quad Q6600,4,2.4,,100,,77.94,https://es.pcpartpicker.com/product/2vGkcf/intel-cpu-hh80562ph0568m,LGA775,6,4.2
//cdna.pcpartpicker.com/static/forever/images/product/e1f3bf613a5651db6f394c8dd41f0f15.256p.jpg,AMD Ryzen 5 4500,6,3.6,4.1,65,,84.48,https://es.pcpartpicker.com/product/m8BG3C/amd-ryzen-5-4500-36-ghz-6-core-processor-100-100000644box,AM4,1,5
//cdna.pcpartpicker.com/static/forever/images/product/3567a863156c083a7d4c8fcb7e0dbdac.256p.jpg,AMD Ryzen 3 3200G,4,3.6,4,65,Radeon Vega 8,90.98,https://es.pcpartpicker.com/product/J8drxr/amd-ryzen-3-3200g-36-ghz-quad-core-processor-yd3200c5fhbox,AM4,64,4.8
https://images-na.ssl-images-amazon.com/images/I/31Y3ryGpQbL.jpg,Intel Core 2 Duo E8400,2,3,,65,,91.09,https://es.pcpartpicker.com/product/Kwbp99/intel-cpu-eu80570pj0806m,LGA775,4,4.5
//cdna.pcpartpicker.com/static/forever/images/product/f55fe8a2443698085e9d8d2997cc3173.256p.jpg,AMD Athlon 200GE,2,3.2,,35,Radeon Vega 3,94.8,https://es.pcpartpicker.com/product/dFhKHx/amd-athlon-200ge-32ghz-dual-core-processor-yd200gc6fbbox,AM4,16,4.8
https://m.media-amazon.com/images/I/51yXoOSQezL.jpg,Intel Core i3-3250,2,3.5,,55,Intel HD Graphics 2500,97.84,https://es.pcpartpicker.com/product/TB2kcf/intel-cpu-bx80637i33250,LGA1155,1,5
//cdna.pcpartpicker.com/static/forever/images/product/eb5b7bb7afe60da16bd99b1aeabfab09.256p.jpg,AMD FX-9370,8,4.4,4.7,220,,99.97,https://es.pcpartpicker.com/product/tgkD4D/amd-cpu-fd9370fhhkwof,AM3+,9,4.4
https://images-na.ssl-images-amazon.com/images/I/51pVI%2BcdnNL.jpg,Intel Core 2 Duo E8500,2,3.16,,65,,101.78,https://es.pcpartpicker.com/product/FvGkcf/intel-cpu-bx80570e8500,LGA775,1,5
//cdna.pcpartpicker.com/static/forever/images/product/e5d8c71ba7c15404b87a7fcdf7251281.256p.jpg,Intel Core i5-10400F,6,2.9,4.3,65,,108,https://es.pcpartpicker.com/product/vrhmP6/intel-core-i5-10400f-29-ghz-6-core-processor-bx8070110400f,LGA1200,50,4.8
//cdna.pcpartpicker.com/static/forever/images/product/c96e3edad99c0ec51123f5b9c2d4a811.256p.jpg,Intel Pentium G4400,2,3.3,,54,Intel HD Graphics 510,109,https://es.pcpartpicker.com/product/YV7CmG/intel-cpu-bx80662g4400,LGA1151,32,4.4
//cdna.pcpartpicker.com/static/forever/images/product/c67d8f42c0e57b268f068172e9a3f571.256p.jpg,Intel Core i3-12100F,4,3.3,4.3,58,,109.3,https://es.pcpartpicker.com/product/grhFf7/intel-core-i3-12100f-33-ghz-quad-core-processor-bx8071512100f,LGA1700,15,4.9
https://m.media-amazon.com/images/I/419h1NMeqvL.jpg,Intel Core i3-10100,4,3.6,4.3,65,Intel UHD Graphics 630,110.65,https://es.pcpartpicker.com/product/qtqBD3/intel-core-i3-10100-36-ghz-quad-core-processor-bx8070110100,LGA1200,38,4.8
//cdna.pcpartpicker.com/static/forever/images/product/29ffd579cd750d1f43cba3ba1c578d8c.256p.jpg,AMD Ryzen 5 4600G,6,3.7,4.2,65,Radeon Vega 7,114.89,https://es.pcpartpicker.com/product/CNVmP6/amd-ryzen-5-4600g-37-ghz-6-core-processor-100-100000147box,AM4,2,5
https://m.media-amazon.com/images/I/515PHOORs-L.jpg,AMD Athlon II X2 220,2,2.8,,65,,115,https://es.pcpartpicker.com/product/CRtCmG/amd-cpu-adx220ock22gm,AM3,1,3
//cdna.pcpartpicker.com/static/forever/images/product/f4e07d2c312edb86a1afe494ed5cd645.256p.jpg,Intel Core i3-10105,4,3.7,4.4,65,Intel UHD Graphics 630,119,https://es.pcpartpicker.com/product/Xht9TW/intel-core-i3-10105-37-ghz-quad-core-processor-bx8070110105,LGA1200,3,4.7
//cdna.pcpartpicker.com/static/forever/images/product/49fca908d8863ded4df790bd3af6bc12.256p.jpg,AMD Ryzen 5 5500,6,3.6,4.2,65,,120.11,https://es.pcpartpicker.com/product/yq2WGX/amd-ryzen-5-5500-36-ghz-6-core-processor-100-100000457box,AM4,8,4.8
https://images-na.ssl-images-amazon.com/images/I/417py4oLqfL.jpg,Intel Xeon E5-2670,8,2.6,3.3,115,,125.99,https://es.pcpartpicker.com/product/rBkD4D/intel-cpu-bx80621e52670,LGA2011,6,4.8
//cdna.pcpartpicker.com/static/forever/images/product/1c98c8fccc44a3696129e74df5243312.256p.jpg,AMD Ryzen 5 3600,6,3.6,4.2,65,,127.85,https://es.pcpartpicker.com/product/Rnm323/amd-ryzen-5-3600-36-thz-6-core-oemtray-processor-100-000000031,AM4,1,5
//cdna.pcpartpicker.com/static/forever/images/product/7fc9bd473f09de3bff4a5a44e832f399.256p.jpg,Intel Core i3-12100,4,3.3,4.3,60,Intel UHD Graphics 730,128.38,https://es.pcpartpicker.com/product/qrhFf7/intel-core-i3-12100-33-ghz-quad-core-processor-bx8071512100,LGA1700,4,4.8
//cdna.pcpartpicker.com/static/forever/images/product/c18ee131d4d211b2ad40882e5b997371.256p.jpg,Intel Core i5-10400,6,2.9,4.3,65,Intel UHD Graphics 630,133.4,https://es.pcpartpicker.com/product/X8snTW/intel-core-i5-10400-29-ghz-6-core-processor-bx8070110400,LGA1200,54,4.8
//cdna.pcpartpicker.com/static/forever/images/product/1dd09dfdc581be6224a323d49d714c7f.256p.jpg,AMD Ryzen 5 5600G,6,3.9,4.4,65,Radeon Vega 7,135.39,https://es.pcpartpicker.com/product/sYmmP6/amd-ryzen-5-5600g-39-ghz-6-core-processor-100-100000252box,AM4,78,4.8
https://m.media-amazon.com/images/I/51pVI+cdnNL.jpg,Intel Core 2 Duo E7500,2,2.93,,65,,138.79,https://es.pcpartpicker.com/product/dLNp99/intel-cpu-bx80571e7500,LGA775,3,4.7
//cdna.pcpartpicker.com/static/forever/images/product/1cd42b90d913aa4fe2338eb376fd3e2d.256p.jpg,Intel Core i5-11400F,6,2.6,4.4,65,,139.13,https://es.pcpartpicker.com/product/qp2WGX/intel-core-i5-11400f-26-ghz-6-core-processor-bx8070811400f,LGA1200,15,4.7
https://m.media-amazon.com/images/I/51KAbpUr9sL.jpg,Intel Pentium G3258,2,3.2,,53,Intel HD Graphics,149.53,https://es.pcpartpicker.com/product/fKCwrH/intel-cpu-bx80646g3258,LGA1150,159,4.8
//cdna.pcpartpicker.com/static/forever/images/product/03f161573f98c93ea9f3e36c4254956e.256p.jpg,AMD Ryzen 5 3600,6,3.6,4.2,65,,149.99,https://es.pcpartpicker.com/product/Mt92FT/amd-ryzen-5-3600-36-ghz-6-core-oemtray-processor-100-100000031mpk,AM4,1,5
https://images-na.ssl-images-amazon.com/images/I/51LL-2d6xoL.jpg,AMD A8-6600K,4,3.9,,100,Radeon HD 8570D,151,https://es.pcpartpicker.com/product/fb7wrH/amd-cpu-ad660kwohlbox,FM2,21,4.6
//cdna.pcpartpicker.com/static/forever/images/product/7714a4b585034b6e4a3f2e230c2806f8.256p.jpg,AMD Ryzen 3 1200 (14nm),4,3.1,3.4,65,,151.56,https://es.pcpartpicker.com/product/TX4NnQ/amd-ryzen-3-1300x-35ghz-quad-core-processor-yd1200bbaebox,AM4,70,4.9
//cdna.pcpartpicker.com/static/forever/images/product/a00d61cff204084081cdafdb26f36d1e.256p.jpg,AMD FX-6350,6,3.9,,125,,152.4,https://es.pcpartpicker.com/product/ZFs8TW/amd-fx-6350-39ghz-6-core-processor-fd6350frhkhbx,AM3+,1,4
//cdna.pcpartpicker.com/static/forever/images/product/f5a45cd5b3a3c4364da8141e7ba9dec4.256p.jpg,Intel Celeron G4900,2,3.1,,65,Intel UHD Graphics 610,155,https://es.pcpartpicker.com/product/y8448d/intel-celeron-g4900-31ghz-dual-core-processor-bx80684g4900,LGA1151,2,4.5
/static/forever/img/no-image.png,AMD Phenom II X4 830,4,2.8,,95,,157.04,https://es.pcpartpicker.com/product/qLR48d/amd-cpu-hdx830wfk4dgm,AM3,3,3.7
//cdna.pcpartpicker.com/static/forever/images/product/49fca908d8863ded4df790bd3af6bc12.256p.jpg,AMD Ryzen 5 5600,6,3.5,4.4,65,,159.89,https://es.pcpartpicker.com/product/PgcG3C/amd-ryzen-5-5600-36-ghz-6-core-processor-100-100000927box,AM4,49,5
https://m.media-amazon.com/images/I/51bvpEY2dNL.jpg,Intel Pentium E5300,2,2.6,,65,,163.63,https://es.pcpartpicker.com/product/thXfrH/intel-cpu-bx80571e5300,LGA775,2,3.5
//cdna.pcpartpicker.com/static/forever/images/product/c770299ed161e4589288e53b3c315088.256p.jpg,Intel Core i5-11400,6,2.6,4.4,65,Intel UHD Graphics 730,163.68,https://es.pcpartpicker.com/product/92VmP6/intel-core-i5-11400-26-ghz-6-core-processor-bx8070811400,LGA1200,31,4.9
//cdna.pcpartpicker.com/static/forever/images/product/5fe3c9cc8cbaaa4aa52aed7389d2cc10.256p.jpg,Intel Core i5-12400F,6,2.5,4.4,65,,164.79,https://es.pcpartpicker.com/product/pQNxFT/intel-core-i5-12400f-25-ghz-6-core-processor-bx8071512400f,LGA1700,37,4.9
//cdna.pcpartpicker.com/static/forever/images/product/62069eabe77fa79c55158028545484f2.256p.jpg,AMD Ryzen 5 1600X,6,3.6,4,95,,167.62,https://es.pcpartpicker.com/product/8hwqqs/amd-ryzen-5-1600x-36ghz-6-core-processor-yd160xbcaewof,AM4,74,4.9
//cdna.pcpartpicker.com/static/forever/images/product/fb7d5b0c9f096ff23c67cff86bceba0e.med.256p.jpg,AMD Phenom II X4 955,4,3.2,,125,,169.67,https://es.pcpartpicker.com/product/RNh9TW/amd-cpu-hdx955wfk4dgm,AM3,2,4.5
//cdna.pcpartpicker.com/static/forever/images/product/0d74fb44f832ad674549787311aafa0f.256p.jpg,Intel Core i3-9100F,4,3.6,4.2,65,,170.16,https://es.pcpartpicker.com/product/YTbwrH/intel-core-i3-9100f-36-ghz-quad-core-processor-bx80684i39100f,LGA1151,25,4.6
https://images-eu.ssl-images-amazon.com/images/I/511mRxIv4GL.jpg,Intel Core i3-7100,2,3.9,,51,Intel HD Graphics 630,175,https://es.pcpartpicker.com/product/J9X2FT/intel-core-i3-7100-39ghz-dual-core-processor-bx80677i37100,LGA1151,24,4.4
//cdna.pcpartpicker.com/static/forever/images/product/4cca7584d65df7a4e4b5298805e9552f.256p.jpg,AMD Athlon 3000G (14nm),2,3.5,,35,Radeon Vega 3,176,https://es.pcpartpicker.com/product/664BD3/amd-athlon-3000g-35-ghz-dual-core-processor-yd3000c6fhbox,AM4,22,4.8
https://m.media-amazon.com/images/I/31Fi6fF0o8L.jpg,AMD Athlon II X4 640,4,3,,95,,178,https://es.pcpartpicker.com/product/WhXfrH/amd-cpu-adx640wfgmbox,AM3,3,4.7
https://m.media-amazon.com/images/I/41gfZhCKO3L.jpg,Intel Xeon E5-2623 V3,4,3,3.5,105,,178.11,https://es.pcpartpicker.com/product/39Trxr/intel-cpu-cm8064401832000,LGA2011-3,1,5
//cdna.pcpartpicker.com/static/forever/images/product/b68f29b453848519ea8bd70695cd027c.256p.jpg,AMD Threadripper 1900X,8,3.8,4,180,,179.99,https://es.pcpartpicker.com/product/BvgPxr/amd-threadripper-1900x-38ghz-8-core-processor-yd190xa8aewof,sTR4,6,4.5
//cdna.pcpartpicker.com/static/forever/images/product/43e2914b40ccb9ab7ce39eb656db3b44.256p.jpg,AMD Ryzen 5 3400G,4,3.7,4.2,65,Radeon Vega 11,180.29,https://es.pcpartpicker.com/product/XP6qqs/amd-ryzen-5-3400g-37-ghz-quad-core-processor-ryzen-5-3400g,AM4,54,4.9
//cdna.pcpartpicker.com/static/forever/images/product/3ef757133d38ac40afe75da691ba7d60.256p.jpg,AMD Ryzen 5 5600X,6,3.7,4.6,65,,180.81,https://es.pcpartpicker.com/product/g94BD3/amd-ryzen-5-5600x-37-ghz-6-core-processor-100-100000065box,AM4,533,4.9
https://m.media-amazon.com/images/I/419h1NMeqvL.jpg,Intel Core i3-10300,4,3.7,4.4,65,Intel UHD Graphics 630,180.97,https://es.pcpartpicker.com/product/g9PgXL/intel-core-i3-10300-37-ghz-quad-core-processor-bx8070110300,LGA1200,1,5
//cdna.pcpartpicker.com/static/forever/images/product/ad2e56d88c77de3053dcc5dada363f58.256p.jpg,AMD Ryzen 3 2200G,4,3.5,3.7,65,Radeon Vega 8,181.57,https://es.pcpartpicker.com/product/RkJtt6/amd-ryzen-3-2200g-35ghz-quad-core-processor-yd2200c5fbbox,AM4,133,4.8
//cdna.pcpartpicker.com/static/forever/images/product/900cddd78a7e0b4ab21a6e80f65fd9d0.256p.jpg,AMD Athlon 220GE,2,3.4,,35,Radeon Vega 3,185,https://es.pcpartpicker.com/product/YP448d/amd-athlon-220ge-34-ghz-dual-core-processor-yd220gc6fbbox,AM4,3,4.7
//cdna.pcpartpicker.com/static/forever/images/product/93181dc9a768fc9b512a294c4f33cc91.256p.jpg,Intel Core i5-4690K,4,3.5,3.9,88,Intel HD Graphics 4600,185,https://es.pcpartpicker.com/product/Tvzv6h/intel-cpu-bx80646i54690k,LGA1150,559,4.9
//cdna.pcpartpicker.com/static/forever/images/product/39c7a343d00445b6e0e5d54d4b7ed561.256p.jpg,Intel Core i5-6600K,4,3.5,3.9,91,Intel HD Graphics 530,185,https://es.pcpartpicker.com/product/gx648d/intel-cpu-bx80662i56600k,LGA1151,425,4.9
//cdna.pcpartpicker.com/static/forever/images/product/42897d7fd845792aaa6a666396777d04.256p.jpg,AMD Ryzen 5 1500X,4,3.5,3.7,65,,187.23,https://es.pcpartpicker.com/product/VtFXsY/amd-ryzen-5-1500x-35ghz-quad-core-processor-yd150xbbaebox,AM4,49,4.8
//cdna.pcpartpicker.com/static/forever/images/product/331bcd7f5044608c8b4e0a2437219229.256p.jpg,Intel Core i5-12400,6,2.5,4.4,65,Intel UHD Graphics 730,194.65,https://es.pcpartpicker.com/product/tLKKHx/intel-core-i5-12400-25-ghz-6-core-processor-bx8071512400,LGA1700,20,4.8
//cdna.pcpartpicker.com/static/forever/images/product/47df61e58e95efb22c12e87a7ed34236.med.256p.jpg,AMD FX-4350,4,4.2,,125,,195,https://es.pcpartpicker.com/product/pQphP6/amd-cpu-fd4350frhkbox,AM3+,16,4.6
https://m.media-amazon.com/images/I/31AmQD+WfrL.jpg,AMD FX-6350,6,3.9,,125,,195,https://es.pcpartpicker.com/product/HqGkcf/amd-cpu-fd6350frhkbox,AM3+,50,4.8
//cdna.pcpartpicker.com/static/forever/images/product/907d3d6fa5bcbf87be2045d806ccadd7.256p.jpg,Intel Core i3-8100,4,3.6,,65,Intel UHD Graphics 630,195,https://es.pcpartpicker.com/product/YqKhP6/intel-core-i3-8100-36ghz-4-core-processor-bx80684i38100,LGA1151,42,4.5
//cdna.pcpartpicker.com/static/forever/images/product/d28d05f1c9972e51ef212760baca9612.256p.jpg,Intel Core i5-10600KF,6,4.1,4.8,125,,197.56,https://es.pcpartpicker.com/product/p6jNnQ/intel-core-i5-10600kf-41-ghz-6-core-processor-bx8070110600kf,LGA1200,10,5
https://m.media-amazon.com/images/I/51umLSyxeRL.jpg,Intel Core i3-540,2,3.06,,73,Intel HD Graphics,200,https://es.pcpartpicker.com/product/WF6BD3/intel-cpu-bx80616i3540,LGA1156,2,5
//cdna.pcpartpicker.com/static/forever/images/product/f599944d7bed683e57062447764ce9d9.256p.jpg,AMD Ryzen 7 5700G,8,3.8,4.6,65,Radeon Vega 8,202.5,https://es.pcpartpicker.com/product/ycGbt6/amd-ryzen-7-5700g-38-ghz-8-core-processor-100-100000263box,AM4,34,4.9
//cdna.pcpartpicker.com/static/forever/images/product/c7baf2c9c9cc15ae23adb24c2f4316fc.256p.jpg,AMD Ryzen 5 3600,6,3.6,4.2,65,,203,https://es.pcpartpicker.com/product/9nm323/amd-ryzen-5-3600-36-thz-6-core-processor-100-100000031box,AM4,1116,4.9
//cdna.pcpartpicker.com/static/forever/images/product/614673693f9281d17b521cbf52799c68.256p.jpg,AMD Ryzen 3 3100,4,3.6,3.9,65,,204.84,https://es.pcpartpicker.com/product/ndwkcf/amd-ryzen-3-3100-36-ghz-quad-core-processor-100-100000284box, AM4,62,4.9
//cdna.pcpartpicker.com/static/forever/images/product/e729f016407018e8894b7db7eac671e8.256p.jpg,AMD Ryzen 7 3700X,8,3.6,4.4,65,,204.9,https://es.pcpartpicker.com/product/KsHRsY/amd-ryzen-7-3700x-36-ghz-8-core-oemtray-processor-100-000000071,AM4,1,5
https://images-na.ssl-images-amazon.com/images/I/41PduZ74l4L.jpg,Intel Core i5-6402P,4,2.8,3.4,65,Intel HD Graphics 510,214.56,https://es.pcpartpicker.com/product/JC648d/intel-core-i5-6402p-28ghz-quad-core-processor-bx80662i56402p,LGA1151,2,3.5
//cdna.pcpartpicker.com/static/forever/images/product/42897d7fd845792aaa6a666396777d04.256p.jpg,AMD Ryzen 5 1400,4,3.2,3.4,65,,215.61,https://es.pcpartpicker.com/product/72wqqs/amd-ryzen-5-1400-32ghz-quad-core-processor-yd1400bbaebox,AM4,52,4.8
https://images-na.ssl-images-amazon.com/images/I/51v9O6dChHL.jpg,Intel Core 2 Duo E8400,2,3,,65,,216.3,https://es.pcpartpicker.com/product/g9H323/intel-cpu-bx80570e8400,LGA775,1,4
https://m.media-amazon.com/images/I/51m7931xzhL.jpg,Intel Core i3-6100,2,3.7,,51,Intel HD Graphics 530,216.34,https://es.pcpartpicker.com/product/hV7CmG/intel-cpu-bx80662i36100,LGA1151,161,4.8
https://m.media-amazon.com/images/I/51yRjfYzahL.jpg,Intel Core i5-8600,6,3.1,4.3,65,Intel UHD Graphics 630,220,https://es.pcpartpicker.com/product/XMTPxr/intel-core-i5-8600-31ghz-6-core-processor-bx80684i58600,LGA1151,3,5
//cdna.pcpartpicker.com/static/forever/images/product/15d32b9ce80c52b0439123e9c5a12979.256p.jpg,AMD Ryzen 7 5700X,8,3.4,4.6,65,,225.12,https://es.pcpartpicker.com/product/JmhFf7/amd-ryzen-7-5700x-34-ghz-8-core-processor-100-100000926wof,AM4,26,5
//cdna.pcpartpicker.com/static/forever/images/product/2447958ccca245b5827bf05929f870e6.256p.jpg,AMD Ryzen 5 1600 (12nm),6,3.2,3.6,65,,225.83,https://es.pcpartpicker.com/product/8HqBD3/amd-ryzen-5-1600-12nm-32-ghz-6-core-processor-yd1600bbafbox,AM4,52,4.8
https://m.media-amazon.com/images/I/41P4d+8jqLL.jpg,Intel Core i7-10700F,8,2.9,4.8,65,,226.74,https://es.pcpartpicker.com/product/PCvqqs/intel-core-i7-10700f-29-ghz-8-core-processor-bx8070110700f,LGA1200,4,4.8
https://m.media-amazon.com/images/I/31gcEgOF1EL.jpg,AMD A10-7850K,4,3.7,4,95,Radeon R7 (on-die),227,https://es.pcpartpicker.com/product/TqxfrH/amd-cpu-ad785kxbjabox,FM2+,53,4.6
https://images-na.ssl-images-amazon.com/images/I/51SE8s7Qz9L.jpg,Intel Core i5-3570,4,3.4,,77,Intel HD Graphics 2500,228.44,https://es.pcpartpicker.com/product/dVV48d/intel-cpu-bx80637i53570,LGA1155,21,4.9
//cdna.pcpartpicker.com/static/forever/images/product/07676ad3db15c1249435755181587c11.256p.jpg,Intel Core i7-4770S,4,3.1,,65,Intel HD Graphics 4600,229,https://es.pcpartpicker.com/product/cvPfrH/intel-cpu-bx80646i74770s,LGA1150,5,4.6
https://images-fe.ssl-images-amazon.com/images/I/51OQzB3bsDL.jpg,AMD FX-8300,8,3.3,,95,,229,https://es.pcpartpicker.com/product/qmrcCJ/amd-cpu-fd8300wmhkbox,AM3+,7,4.3
https://m.media-amazon.com/images/I/51LGOgLV8TL.jpg,Intel Core i5-6500,4,3.2,3.6,65,Intel HD Graphics 530,230,https://es.pcpartpicker.com/product/xwhj4D/intel-cpu-bx80662i56500,LGA1151,238,4.9
//cdna.pcpartpicker.com/static/forever/images/product/fd51d44541807d00d4b265d071f313fa.256p.jpg,Intel Core i5-6400,4,2.7,3.3,65,Intel HD Graphics 530,231.89,https://es.pcpartpicker.com/product/kYH48d/intel-cpu-cm8066201920506,LGA1151,2,4.5
//cdna.pcpartpicker.com/static/forever/images/product/b832802a56c229f75ef6adf54fad250c.256p.jpg,Intel Core i3-9350KF,4,4,4.6,91,,239.95,https://es.pcpartpicker.com/product/DDtQzy/intel-core-i3-9350kf-4-ghz-quad-core-processor-bx80684i39350kf,LGA1151,1,4
https://m.media-amazon.com/images/I/21JD7tp2PWL.jpg,AMD FX-8320,8,3.5,,125,,242,https://es.pcpartpicker.com/product/s8h9TW/amd-cpu-fd8320frw8khk,AM3+,1,5
//cdna.pcpartpicker.com/static/forever/images/product/cec5ee818776737baefc9603bdbf9391.256p.jpg,Intel Core i5-10600K,6,4.1,4.8,125,Intel UHD Graphics 630,242.84,https://es.pcpartpicker.com/product/HcPgXL/intel-core-i5-10600k-41-ghz-6-core-processor-bx8070110600k,LGA1200,70,4.9
//cdna.pcpartpicker.com/static/forever/images/product/9b4cefb2e43f2c358f3a97a31e1be90b.256p.jpg,AMD Ryzen 7 5800X,8,3.8,4.7,105,,245,https://es.pcpartpicker.com/product/qtvqqs/amd-ryzen-7-5800x-38-ghz-8-core-processor-100-100000063wof,AM4,288,4.8
//cdna.pcpartpicker.com/static/forever/images/product/6881ec4618066263cbe6904e95ae9278.256p.jpg,Intel Core i5-11600K,6,3.9,4.9,125,Intel UHD Graphics 750,245.83,https://es.pcpartpicker.com/product/RK3gXL/intel-core-i5-11600k-39-ghz-6-core-processor-bx8070811600k,LGA1200,29,4.9
https://m.media-amazon.com/images/I/51e7Imxjc8L.jpg,Intel Core i7-3770K,4,3.5,,77,Intel HD Graphics 4000,250,https://es.pcpartpicker.com/product/7KjG3C/intel-cpu-bx80637i73770k,LGA1155,218,4.9
//cdna.pcpartpicker.com/static/forever/images/product/a2eebdda7c48c480719d4cb491f660dc.256p.jpg,Intel Core i5-12500,6,3,4.6,65,Intel UHD Graphics 770,250.83,https://es.pcpartpicker.com/product/hvC48d/intel-core-i5-12500-3-ghz-6-core-processor-bx8071512500,LGA1700,2,5
//cdna.pcpartpicker.com/static/forever/images/product/33f96aec821c5c10f4b1fd636a7d1881.256p.jpg,Intel Core i5-9600K,6,3.7,4.6,95,Intel UHD Graphics 630,255,https://es.pcpartpicker.com/product/28qhP6/intel-core-i5-9600k-37ghz-6-core-processor-bx80684i59600k,LGA1151,142,4.8
//cdna.pcpartpicker.com/static/forever/images/product/614673693f9281d17b521cbf52799c68.256p.jpg,AMD Ryzen 3 3300X,4,3.8,4.3,65,,261,https://es.pcpartpicker.com/product/NvCFf7/amd-ryzen-3-3300x-38-ghz-quad-core-processor-100-100000159box,AM4,23,4.9
//cdna.pcpartpicker.com/static/forever/images/product/ed81b3f4911beef4ee212f49dec938ee.256p.jpg,Intel Core i5-11500,6,2.7,4.6,65,Intel UHD Graphics 750,261.55,https://es.pcpartpicker.com/product/FsXJ7P/intel-core-i5-11500-27-ghz-6-core-processor-bx8070811500,LGA1200,7,4.7
//cdna.pcpartpicker.com/static/forever/images/product/f9223631f303e54d9bd4aa9967c1f287.256p.jpg,Intel Core i5-11600KF,6,3.9,4.9,125,,263.4,https://es.pcpartpicker.com/product/K3Z9TW/intel-core-i5-11600kf-39-ghz-6-core-processor-bx8070811600kf,LGA1200,1,5
//cdna.pcpartpicker.com/static/forever/images/product/6e4a9298687049841d3cb15170acc4cc.256p.jpg,Intel Core i7-10700,8,2.9,4.8,65,Intel UHD Graphics 630,264.8,https://es.pcpartpicker.com/product/dLK2FT/intel-core-i7-10700-29-ghz-8-core-processor-bx8070110700,LGA1200,27,4.7
//cdna.pcpartpicker.com/static/forever/images/product/d57406e2534cf5ae6cb9141e656374f4.256p.jpg,AMD Ryzen 7 1700,8,3,3.7,65,,269.26,https://es.pcpartpicker.com/product/3kPzK8/amd-ryzen-7-1700-30ghz-8-core-processor-yd1700bbaebox,AM4,170,4.9
//cdna.pcpartpicker.com/static/forever/images/product/01163d618db9518d03041c9997e23bb1.256p.jpg,Intel Core i5-12600KF,10,3.7,4.9,125,,269.49,https://es.pcpartpicker.com/product/Tk8bt6/intel-core-i5-12600kf-37-ghz-6-core-processor-bx8071512600kf,LGA1700,18,4.9
//cdna.pcpartpicker.com/static/forever/images/product/c770299ed161e4589288e53b3c315088.256p.jpg,Intel Core i5-11600,6,2.8,4.8,65,Intel UHD Graphics 750,271,https://es.pcpartpicker.com/product/34ddnQ/intel-core-i5-11600-28-ghz-6-core-processor-bx8070811600,LGA1200,2,5
//cdna.pcpartpicker.com/static/forever/images/product/fd6305088c9d16d59017b380fb9c408a.256p.jpg,AMD Ryzen 5 7600X,6,4.7,5.3,105,Radeon,273.8,https://es.pcpartpicker.com/product/66C48d/amd-ryzen-5-7600x-47-ghz-6-core-processor-100-100000593wof,AM5,7,4.9
//cdna.pcpartpicker.com/static/forever/images/product/2ee894e25a22610fb14cef95c9ce94b5.256p.jpg,Intel Core i7-4770,4,3.4,3.9,84,Intel HD Graphics 4600,275,https://es.pcpartpicker.com/product/sCNp99/intel-cpu-bx80646i74770,LGA1150,40,4.8
//cdna.pcpartpicker.com/static/forever/images/product/22517c4002202647d4d1906d37e43b48.256p.jpg,Intel Core i5-10600,6,3.3,4.8,65,Intel UHD Graphics 630,279.89,https://es.pcpartpicker.com/product/hftKHx/intel-core-i5-10600-33-ghz-6-core-processor-bx8070110600,LGA1200,2,4.5
//cdna.pcpartpicker.com/static/forever/images/product/7a8133e4d1ab12830ce867e2958bbc2b.256p.jpg,Intel Core i5-12600,6,3.3,4.8,65,Intel UHD Graphics 770,281.37,https://es.pcpartpicker.com/product/HqXJ7P/intel-core-i5-12600-33-ghz-6-core-processor-bx8071512600,LGA1700,2,4.5
//cdna.pcpartpicker.com/static/forever/images/product/965ab64fbbbf1a096201650af8b88699.256p.jpg,Intel Core i7-11700KF,8,3.6,5,125,,282.79,https://es.pcpartpicker.com/product/Fgt9TW/intel-core-i7-11700kf-36-ghz-8-core-processor-bx8070811700kf,LGA1200,2,5
//cdna.pcpartpicker.com/static/forever/images/product/590d9c982550da4f2f69490c5f9c0902.256p.jpg,AMD Ryzen 7 1700X,8,3.4,3.8,95,,283.7,https://es.pcpartpicker.com/product/9Q98TW/amd-ryzen-7-1700x-34ghz-8-core-processor-yd170xbcaewof,AM4,94,4.9
https://images-na.ssl-images-amazon.com/images/I/51m7EsJG9-L.jpg,Intel Core i5-4690,4,3.5,3.9,84,Intel HD Graphics 4600,284.99,https://es.pcpartpicker.com/product/r8W9TW/intel-cpu-bx80646i54690,LGA1150,43,4.9
https://m.media-amazon.com/images/I/313xmNM2AiL.jpg,AMD FX-8350,8,4,,125,,285,https://es.pcpartpicker.com/product/WGPzK8/amd-fx-8350-40ghz-8-core-processor-fd8350frhkhbx,AM3+,8,4.6
https://images-na.ssl-images-amazon.com/images/I/51rLr1NagHL.jpg,Intel Xeon E5-2670 V3,12,2.3,3.1,120,,286.24,https://es.pcpartpicker.com/product/jnTrxr/intel-cpu-bx80644e52670v3,LGA2011-3,1,5
//cdna.pcpartpicker.com/static/forever/images/product/55aea2dd64e2e3a3e3b1d678048d8d76.256p.jpg,AMD Ryzen 5 2600X,6,3.6,4.2,95,,289.37,https://es.pcpartpicker.com/product/6mm323/amd-ryzen-5-2600x-36ghz-6-core-processor-yd260xbcafbox,AM4,225,4.8
//cdna.pcpartpicker.com/static/forever/images/product/c7baf2c9c9cc15ae23adb24c2f4316fc.256p.jpg,AMD Ryzen 5 3600X,6,3.8,4.4,95,,289.37,https://es.pcpartpicker.com/product/3WYLrH/amd-ryzen-5-3600x-38-ghz-6-core-processor-100-100000022box,AM4,197,4.9
//cdna.pcpartpicker.com/static/forever/images/product/771dc6ddec2978c73f3362ac4a8b540e.256p.jpg,Intel Core i7-6700,4,3.4,4,65,Intel HD Graphics 530,290,https://es.pcpartpicker.com/product/7V7CmG/intel-cpu-bx80662i76700,LGA1151,41,4.8
//cdna.pcpartpicker.com/static/forever/images/product/23cd3adfd50037c1b44d6d53edb15248.256p.jpg,AMD Ryzen 7 3700X,8,3.6,4.4,65,,298.08,https://es.pcpartpicker.com/product/QKJtt6/amd-ryzen-7-3700x-36-ghz-8-core-processor-100-100000071box,AM4,618,4.9
//cdna.pcpartpicker.com/static/forever/images/product/30a49f42fca8cbf7e1627bf13d37a6e7.256p.jpg,Intel Core i7-10700KF,8,3.8,5.1,125,,299.63,https://es.pcpartpicker.com/product/sT3mP6/intel-core-i7-10700kf-38-ghz-8-core-processor-bx8070110700kf,LGA1200,6,4.8
//cdna.pcpartpicker.com/static/forever/images/product/3f727799b9fc5e83f0e8953759946bd2.256p.jpg,Intel Core i5-12600K,10,3.7,4.9,125,Intel UHD Graphics 770,299.87,https://es.pcpartpicker.com/product/BB4Ycf/intel-core-i5-12600k-37-ghz-6-core-processor-bx8071512600k,LGA1700,98,4.9
//cdna.pcpartpicker.com/static/forever/images/product/066a1b8f33dd5d26a14a4a76eb254032.256p.jpg,Intel Core i5-8400,6,2.8,4,65,Intel UHD Graphics 630,300.82,https://es.pcpartpicker.com/product/LHYWGX/intel-core-i5-8400-28ghz-6-core-processor-bx80684i58400,LGA1151,82,4.8
//cdna.pcpartpicker.com/static/forever/images/product/81283e72ef71a981049b8a1b7dc9c50e.256p.jpg,Intel Core i5-750,4,2.66,,95,,302.86,https://es.pcpartpicker.com/product/CHFPxr/intel-cpu-bx80605i5750,LGA1156,3,4.7
//cdna.pcpartpicker.com/static/forever/images/product/8d5a39d0af57bddb57731195a8c1d58c.256p.jpg,Intel Core i7-11700,8,2.5,4.9,65,Intel UHD Graphics 750,303.64,https://es.pcpartpicker.com/product/7RTp99/intel-core-i7-11700-25-ghz-8-core-processor-bx8070811700,LGA1200,5,4.8
//cdna.pcpartpicker.com/static/forever/images/product/41358d31a00cc8fb673bfa7716ea9498.256p.jpg,Intel Core i7-11700K,8,3.6,5,125,Intel UHD Graphics 750,305,https://es.pcpartpicker.com/product/VW3gXL/intel-core-i7-11700k-36-ghz-8-core-processor-bx8070811700k,LGA1200,29,4.9
https://m.media-amazon.com/images/I/51UxOzy0XpL.jpg,Intel Core i5-2400,4,3.1,,95,Intel HD Graphics 2000,314.67,https://es.pcpartpicker.com/product/jxJwrH/intel-cpu-bx80623i52400,LGA1155,17,4.8
//cdna.pcpartpicker.com/static/forever/images/product/aa134167a714bcf301976f148b735237.256p.jpg,Intel Core i5-8600K,6,3.6,4.3,95,Intel UHD Graphics 630,315,https://es.pcpartpicker.com/product/Mr2rxr/intel-core-i5-8600k-36ghz-6-core-processor-bx80684i58600k,LGA1151,142,4.9
//cdna.pcpartpicker.com/static/forever/images/product/6a40f9732bef504af112c33a980482b2.256p.jpg,Intel Core i7-10700K,8,3.8,5.1,125,Intel UHD Graphics 630,317.26,https://es.pcpartpicker.com/product/yhxbt6/intel-core-i7-10700k-38-ghz-8-core-processor-bx8070110700k,LGA1200,99,4.8
//cdna.pcpartpicker.com/static/forever/images/product/4e84967ef18c9b42e543b58c836d73ef.256p.jpg,AMD Ryzen 7 2700X,8,3.7,4.3,105,,317.64,https://es.pcpartpicker.com/product/bddxFT/amd-ryzen-7-2700x-37ghz-8-core-processor-yd270xbgafbox,AM4,356,4.9
https://m.media-amazon.com/images/I/51-cY4ovqNL.jpg,Intel Core 2 Duo E4600,2,2.4,,65,,318.37,https://es.pcpartpicker.com/product/vMH323/intel-cpu-bx80557e4600,LGA775,1,4
//cdna.pcpartpicker.com/static/forever/images/product/0817a8a69b3fa53b911056cd5c01262e.256p.jpg,Intel Core i7-4770K,4,3.5,3.9,84,Intel HD Graphics 4600,325,https://es.pcpartpicker.com/product/yT2kcf/intel-cpu-bx80646i74770k,LGA1150,466,4.9
//cdna.pcpartpicker.com/static/forever/images/product/d7dea28613ac935e748d330d16ffea69.256p.jpg,Intel Core i7-8700K,6,3.7,4.7,95,Intel UHD Graphics 630,325,https://es.pcpartpicker.com/product/sxDzK8/intel-core-i7-8700k-37ghz-6-core-processor-bx80684i78700k,LGA1151,305,4.9
//cdna.pcpartpicker.com/static/forever/images/product/55aea2dd64e2e3a3e3b1d678048d8d76.256p.jpg,AMD Ryzen 5 2600,6,3.4,3.9,65,,325,https://es.pcpartpicker.com/product/jLF48d/amd-ryzen-5-2600-34ghz-6-core-processor-yd2600bbafbox,AM4,498,4.9
//cdna.pcpartpicker.com/static/forever/images/product/320f71912f65606aa2075161dc798c3d.256p.jpg,AMD Ryzen 5 2400G,4,3.6,3.9,65,Radeon Vega 11,326.23,https://es.pcpartpicker.com/product/FGPKHx/amd-ryzen-5-2400g-36ghz-quad-core-processor-yd2400c5fbbox,AM4,81,4.8
//cdna.pcpartpicker.com/static/forever/images/product/f3ce94aa244dd18d676b1f63f20001cd.256p.jpg,Intel Core i7-8700,6,3.2,4.6,65,Intel UHD Graphics 630,330,https://es.pcpartpicker.com/product/C9hj4D/intel-core-i7-8700-32ghz-6-core-processor-bx80684i78700,LGA1151,56,4.9
//cdna.pcpartpicker.com/static/forever/images/product/614a9c530cce56d1fafbc5ba97920ab1.256p.jpg,Intel Core i7-6700K,4,4,4.2,91,Intel HD Graphics 530,330,https://es.pcpartpicker.com/product/tdmxFT/intel-cpu-bx80662i76700k,LGA1151,508,4.9
//cdna.pcpartpicker.com/static/forever/images/product/d151778af9f52d6ab1f9475a0ae84dc0.256p.jpg,Intel Core i5-13600KF,14,3.5,5.1,125,,332.43,https://es.pcpartpicker.com/product/GVM48d/intel-core-i5-13600kf-35-ghz-14-core-processor-bx8071513600kf,LGA1700,4,5
https://m.media-amazon.com/images/I/51D3J+33JwL.jpg,Intel Core i7-4790K,4,4,4.4,88,Intel HD Graphics 4600,338.58,https://es.pcpartpicker.com/product/6vzv6h/intel-cpu-bx80646i74790k,LGA1150,564,4.9
//cdna.pcpartpicker.com/static/forever/images/product/a12eab97aff3815b6707805450266034.256p.jpg,AMD Ryzen 7 1800X,8,3.6,4,95,,340.44,https://es.pcpartpicker.com/product/7qyxFT/amd-ryzen-7-1800x-36ghz-8-core-processor-yd180xbcaewof,AM4,52,4.9
//cdna.pcpartpicker.com/static/forever/images/product/dfb011931e97f85c79165ed9e97aec59.256p.jpg,AMD Threadripper 1920X,12,3.5,4,180,,340.44,https://es.pcpartpicker.com/product/cRDzK8/amd-threadripper-1920x-35ghz-12-core-processor-yd192xa8aewof,sTR4,7,4.9
//cdna.pcpartpicker.com/static/forever/images/product/535b5631a223b77657804c8144c1277e.256p.jpg,Intel Core i5-13600K,14,3.5,5.1,125,Intel UHD Graphics 770,340.8,https://es.pcpartpicker.com/product/LfNxFT/intel-core-i5-13600k-35-ghz-14-core-processor-bx8071513600k,LGA1700,23,5
//cdna.pcpartpicker.com/static/forever/images/product/04f08a1dee17429cdf0a6021ebe5351d.256p.jpg,Intel Core i5-9400F,6,2.9,4.1,65,,344.98,https://es.pcpartpicker.com/product/w9VD4D/intel-core-i5-9400f-29-ghz-6-core-oemtray-processor-cm8068403358819,LGA1151,1,5
//cdna.pcpartpicker.com/static/forever/images/product/1d6c5691988047da895d68961c33fe95.256p.jpg,Intel Core i7-12700F,12,2.1,4.9,65,,345.31,https://es.pcpartpicker.com/product/LT3gXL/intel-core-i7-12700f-21-ghz-12-core-processor-bx8071512700f,LGA1700,7,4.7
//cdna.pcpartpicker.com/static/forever/images/product/f7b07148337e7ce06429682d5c2c24d1.256p.jpg,Intel Core i5-760,4,2.8,,95,,345.83,https://es.pcpartpicker.com/product/R6zv6h/intel-cpu-bx80605i5760,LGA1156,3,5
//cdna.pcpartpicker.com/static/forever/images/product/c8944273cfc755a0b216001a90b9fba2.256p.jpg,Intel Core i7-12700,12,2.1,4.9,65,Intel UHD Graphics 770,348,https://es.pcpartpicker.com/product/XVRYcf/intel-core-i7-12700-21-ghz-12-core-processor-bx8071512700,LGA1700,5,4.6
//cdna.pcpartpicker.com/static/forever/images/product/1d7073a2deda3bd22963a7e248bbe3e4.256p.jpg,AMD Ryzen 9 5900X,12,3.7,4.8,105,,354.8,https://es.pcpartpicker.com/product/KwLwrH/amd-ryzen-9-5900x-37-ghz-12-core-processor-100-100000061wof,AM4,189,4.9
//cdna.pcpartpicker.com/static/forever/images/product/b69e4a2d3dd9f8fac9ed6bf1b631b0ce.256p.jpg,Intel Core i7-12700KF,12,3.6,5,125,,367.12,https://es.pcpartpicker.com/product/YDM48d/intel-core-i7-12700kf-36-ghz-8-core-processor-bx8071512700kf,LGA1700,20,5
//cdna.pcpartpicker.com/static/forever/images/product/87e7981e09217ef72534460e0cf767b8.256p.jpg,Intel Core i7-4790,4,3.6,4,84,Intel HD Graphics 4600,369,https://es.pcpartpicker.com/product/94MTwP/intel-core-i7-4790-36-ghz-quad-core-oemtray-processor-cm8064601560113, LGA1150,2,5
//cdna.pcpartpicker.com/static/forever/images/product/3f7037db801def4db8418df8e7498e6a.256p.jpg,Intel Core i7-12700K,12,3.6,5,125,Intel UHD Graphics 770,370.79,https://es.pcpartpicker.com/product/ZbddnQ/intel-core-i7-12700k-36-ghz-8-core-processor-bx8071512700k,LGA1700,79,4.9
//cdna.pcpartpicker.com/static/forever/images/product/b501d68b041d6f48bc11c402012d59cb.256p.jpg,Intel Core i9-10900K,10,3.7,5.3,125,Intel UHD Graphics 630,373.57,https://es.pcpartpicker.com/product/cwFKHx/intel-core-i9-10900k-37-ghz-10-core-processor-bx8070110900k,LGA1200,46,4.8
//cdna.pcpartpicker.com/static/forever/images/product/02b522d67f1855b6e2916d800eb38bcf.256p.jpg,Intel Core i9-10900KF,10,3.7,5.3,125,,375.29,https://es.pcpartpicker.com/product/CT3mP6/intel-core-i9-10900kf-37-ghz-10-core-processor-bx8070110900kf,LGA1200,9,4.9
//cdna.pcpartpicker.com/static/forever/images/product/2c0e54afceb3b128eef552ffa7b488ee.256p.jpg,Intel Core i9-10900,10,2.8,5.2,65,Intel UHD Graphics 630,379.77,https://es.pcpartpicker.com/product/wW7p99/intel-core-i9-10900-28-ghz-10-core-processor-bx8070110900,LGA1200,3,4.7
//cdna.pcpartpicker.com/static/forever/images/product/a1466e1823404679892cb38473e6c5fd.256p.jpg,Intel Core i7-4930K,6,3.4,3.9,130,,385,https://es.pcpartpicker.com/product/pvphP6/intel-cpu-bx80633i74930k,LGA2011,45,4.9
//cdna.pcpartpicker.com/static/forever/images/product/eb8ef73f5460ac6ad82f634b2dcf793a.256p.jpg,Intel Core i9-11900K,8,3.5,5.3,125,Intel UHD Graphics 750,385.45,https://es.pcpartpicker.com/product/mDcG3C/intel-core-i9-11900k-35-ghz-8-core-processor-bx8070811900k,LGA1200,12,4.4
//cdna.pcpartpicker.com/static/forever/images/product/6d3fb7600f26fb1e94e8b0c1a99e0bfa.256p.jpg,AMD Ryzen 7 7700X,8,4.5,5.4,105,Radeon,388,https://es.pcpartpicker.com/product/WfqPxr/amd-ryzen-7-7700x-45-ghz-8-core-processor-100-100000591wof,AM5,14,4.8
//cdna.pcpartpicker.com/static/forever/images/product/8f6d753be524daf5a9c04d9131cb6f27.256p.jpg,Intel Core i7-6900K,8,3.2,3.7,140,,397.18,https://es.pcpartpicker.com/product/NXyxFT/intel-cpu-bx80671i76900k,LGA2011-3,6,4.5
//cdna.pcpartpicker.com/static/forever/images/product/fee6d8b626235a58c1cc1577e6760118.256p.jpg,AMD Ryzen 7 2700,8,3.2,4.1,65,,400.01,https://es.pcpartpicker.com/product/WPQG3C/amd-ryzen-7-2700-32ghz-8-core-processor-yd2700bbafbox,AM4,74,4.9
https://images-na.ssl-images-amazon.com/images/I/51S9HDNJRpL.jpg,Intel Core i7-3820,4,3.6,,130,,407.13,https://es.pcpartpicker.com/product/6xzv6h/intel-cpu-bx80619i73820,LGA2011,23,4.8
//cdna.pcpartpicker.com/static/forever/images/product/f83c6c4ee8cb5a6801f35aae5fc5d018.256p.jpg,AMD Ryzen 7 5800X3D,8,3.4,4.5,105,,409.9,https://es.pcpartpicker.com/product/CZ3gXL/amd-ryzen-7-5800x3d-34-ghz-8-core-processor-100-100000651wof,AM4,25,5
//cdna.pcpartpicker.com/static/forever/images/product/23cd3adfd50037c1b44d6d53edb15248.256p.jpg,AMD Ryzen 7 3800X,8,3.9,4.5,105,,412.4,https://es.pcpartpicker.com/product/qryV3C/amd-ryzen-7-3800x-39-ghz-8-core-processor-100-100000025box,AM4,130,4.8
//cdna.pcpartpicker.com/static/forever/images/product/b2de198020c1bb1bda375064b94e60dc.256p.jpg,Intel Core i7-13700KF,16,3.4,5.4,125,,428.23,https://es.pcpartpicker.com/product/w86p99/intel-core-i7-13700kf-34-ghz-16-core-processor-bx8071513700kf,LGA1700,2,5
//cdna.pcpartpicker.com/static/forever/images/product/7a187be50026e221f31b55e76c3adf73.256p.jpg,Intel Core i7-9700KF,8,3.6,4.9,95,,430,https://es.pcpartpicker.com/product/LhCD4D/intel-core-i7-9700kf-36-ghz-8-core-processor-bx80684i79700kf,LGA1151,7,5
//cdna.pcpartpicker.com/static/forever/images/product/7fd1b17d82ba2d66a75dd8911b3a3d1b.256p.jpg,Intel Core i7-9700F,8,3,4.7,65,,430,https://es.pcpartpicker.com/product/W4848d/intel-core-i7-9700f-3-ghz-8-core-processor-bx80684i79700f,LGA1151,3,5
//cdna.pcpartpicker.com/static/forever/images/product/e466732c63d1d636cf13e256bb7cf5ff.256p.jpg,Intel Core i7-7700K,4,4.2,4.5,91,Intel HD Graphics 630,430,https://es.pcpartpicker.com/product/VKx9TW/intel-core-i7-7700k-42ghz-quad-core-processor-bx80677i77700k,LGA1151,307,4.7
//cdna.pcpartpicker.com/static/forever/images/product/3760e89d1820da393f084e2c18a62e3b.256p.jpg,Intel Core i7-9700K,8,3.6,4.9,95,Intel UHD Graphics 630,435,https://es.pcpartpicker.com/product/WtyV3C/intel-core-i7-9700k-36ghz-8-core-processor-bx80684i79700k,LGA1151,223,4.8
//cdna.pcpartpicker.com/static/forever/images/product/7d225094c05f3106b9e7aab3873a6631.256p.jpg,AMD Ryzen 7 3800XT,8,3.9,4.7,105,,436.9,https://es.pcpartpicker.com/product/9wfFf7/amd-ryzen-7-3800xt-39-ghz-8-core-processor-100-100000279wof,AM4,20,4.8
//cdna.pcpartpicker.com/static/forever/images/product/42a54c308242991186f4f6a3fde7603d.256p.jpg,Intel Core i3-4130,2,3.4,,54,Intel HD Graphics 4400,438.9,https://es.pcpartpicker.com/product/KDGkcf/intel-cpu-bx80646i34130,LGA1150,38,4.6
//cdna.pcpartpicker.com/static/forever/images/product/2f3405387f23ab827695d966ea9f9682.256p.jpg,Intel Core i7-13700K,16,3.4,5.4,125,Intel UHD Graphics 770,444.8,https://es.pcpartpicker.com/product/Mm6p99/intel-core-i7-13700k-34-ghz-16-core-processor-bx8071513700k,LGA1700,12,5
//cdna.pcpartpicker.com/static/forever/images/product/a289a7b9f1db29fdb4364c09d7d012f8.256p.jpg,Intel Core i5-9600KF,6,3.7,4.6,95,,459.67,https://es.pcpartpicker.com/product/TJwkcf/intel-core-i5-9600kf-37-ghz-6-core-oemtray-processor-cm8068403874410,LGA1151,2,5
//cdna.pcpartpicker.com/static/forever/images/product/c96f59d30a42a70cb371b93507d7eea1.256p.jpg,Intel Core i3-8350K,4,4,,91,Intel UHD Graphics 630,460.08,https://es.pcpartpicker.com/product/fCs8TW/intel-core-i3-8350k-40ghz-quad-core-processor-bx80684i38350k,LGA1151,14,4.7
//cdna.pcpartpicker.com/static/forever/images/product/14adcd1fc88ebf386b746037c966b6af.256p.jpg,AMD Ryzen 9 3900X,12,3.8,4.6,105,,464.69,https://es.pcpartpicker.com/product/tLCD4D/amd-ryzen-9-3900x-36-ghz-12-core-processor-100-100000023box,AM4,273,4.9
https://m.media-amazon.com/images/I/41gxrpSTn6L.jpg,Intel Xeon E3-1245 V6,4,3.7,4.1,73,Intel HD Graphics P630,466.81,https://es.pcpartpicker.com/product/tds8TW/intel-xeon-e3-1245-v6-37ghz-quad-core-processor-bx80677e31245v6,LGA1151,1,5
https://m.media-amazon.com/images/I/41ckT1AzbYL.jpg,Intel Core i9-10900F,10,2.8,5.2,65,,467.9,https://es.pcpartpicker.com/product/DYtKHx/intel-core-i9-10900f-28-ghz-10-core-processor-bx8070110900f,LGA1200,4,4.5
https://images-na.ssl-images-amazon.com/images/I/514cOpqlw3L.jpg,Intel Core i7-4790K,4,4,4.4,88,Intel HD Graphics 4600,475.99,https://es.pcpartpicker.com/product/WMJwrH/intel-cpu-cm8064601710501,LGA1150,6,4.3
https://images-na.ssl-images-amazon.com/images/I/51zg42Jls6L.jpg,AMD Phenom II X6 1090T Black,6,3.2,,125,,481,https://es.pcpartpicker.com/product/MkZQzy/amd-cpu-hdt90zfbgrbox,AM3,7,4.4
//cdna.pcpartpicker.com/static/forever/images/product/cd59447c1091b738d94fc8ea7b0629c6.256p.jpg,Intel Core i9-9900KF,8,3.6,5,95,,495.99,https://es.pcpartpicker.com/product/G7KcCJ/intel-core-i9-9900kf-36-ghz-8-core-processor-bx80684i99900kf,LGA1151,15,4.9
//cdna.pcpartpicker.com/static/forever/images/product/46badc31f619c275800a79476709e08f.256p.jpg,Intel Core i3-9100,4,3.6,4.2,65,Intel UHD Graphics 630,503.99,https://es.pcpartpicker.com/product/NfKcCJ/intel-core-i3-9100-36-ghz-quad-core-processor-bx80684i39100,LGA1151,7,4.7
//cdna.pcpartpicker.com/static/forever/images/product/c3d3a6843e0c0a5d98155e9fa68c092c.256p.jpg,Intel Core i9-12900KF,16,3.2,5.2,125,,515.83,https://es.pcpartpicker.com/product/2sstt6/intel-core-i9-12900kf-32-ghz-8-core-processor-bx8071512900kf,LGA1700,2,4.5
//cdna.pcpartpicker.com/static/forever/images/product/8de723005cfc1b85071c4abf4d76bd4e.256p.jpg,AMD Ryzen 9 7900X,12,4.7,5.6,170,Radeon,525.17,https://es.pcpartpicker.com/product/bwxRsY/amd-ryzen-9-7900x-47-ghz-12-core-processor-100-100000589wof, AM5,5,4.8
//cdna.pcpartpicker.com/static/forever/images/product/1c98c8fccc44a3696129e74df5243312.256p.jpg,AMD Ryzen 7 3800X,8,3.9,4.5,105,,528.65,https://es.pcpartpicker.com/product/gryV3C/amd-ryzen-7-3800x-39-ghz-8-core-oemtray-processor-100-000000025,AM4,1,5
//cdna.pcpartpicker.com/static/forever/images/product/c9724573a84719379a3f95f469a6e636.256p.jpg,Intel Core i9-11900,8,2.5,5.2,65,Intel UHD Graphics 750,537,https://es.pcpartpicker.com/product/3y4Ycf/intel-core-i9-11900-25-ghz-8-core-processor-bx8070811900,LGA1200,2,5
//cdna.pcpartpicker.com/static/forever/images/product/16ddfc2028922cd20cffaa6976165f84.256p.jpg,AMD Ryzen 5 3600XT,6,3.8,4.5,95,,537,https://es.pcpartpicker.com/product/7sFKHx/amd-ryzen-5-3600xt-38-ghz-6-core-processor-100-100000281box,AM4,36,4.8
https://m.media-amazon.com/images/I/41lT9nNLBUL.jpg,Intel Core i9-10850K,10,3.6,5.2,125,Intel UHD Graphics 630,538.99,https://es.pcpartpicker.com/product/nGFKHx/intel-core-i9-10850k-36-ghz-10-core-processor-bx8070110850k,LGA1200,55,4.8
//cdna.pcpartpicker.com/static/forever/images/product/b9d3c68bbf713cdd1211f3792040ce95.256p.jpg,Intel Core i9-12900K,16,3.2,5.2,125,Intel UHD Graphics 770,547,https://es.pcpartpicker.com/product/gGH7YJ/intel-core-i9-12900k-32-ghz-8-core-processor-bx8071512900k,LGA1700,32,4.9
//cdna.pcpartpicker.com/static/forever/images/product/1d7073a2deda3bd22963a7e248bbe3e4.256p.jpg,AMD Ryzen 9 5950X,16,3.4,4.9,105,,558.82,https://es.pcpartpicker.com/product/Qk2bt6/amd-ryzen-9-5950x-34-ghz-16-core-processor-100-100000059wof,AM4,86,5
https://images-eu.ssl-images-amazon.com/images/I/418Vdl99UyL.jpg,Intel Core i5-9500,6,3,4.4,65,Intel UHD Graphics 630,570.99,https://es.pcpartpicker.com/product/rD4BD3/intel-core-i5-9500-3-ghz-6-core-processor-bx80684i59500,LGA1151,1,5
//cdna.pcpartpicker.com/static/forever/images/product/af8e6181a8d4489c8613fc076130dc06.256p.jpg,AMD FX-9590,8,4.7,5,220,,571,https://es.pcpartpicker.com/product/pGrG3C/amd-cpu-fd9590fhhkwof,AM3+,29,4.6
https://m.media-amazon.com/images/I/41TuK9whOAL.jpg,Intel Core i5-4670S,4,3.1,3.8,65,Intel HD Graphics 4600,580,https://es.pcpartpicker.com/product/vf8H99/intel-cpu-cm8064601465703,LGA1150,1,5
//cdna.pcpartpicker.com/static/forever/images/product/11c79d9584e1486da16c8eaf018ee463.256p.jpg,Intel Xeon E3-1230 V6,4,3.5,3.9,72,,582,https://es.pcpartpicker.com/product/HjtWGX/intel-xeon-e3-1230-v6-35ghz-quad-core-processor-bx80677e31230v6,LGA1151,1,5
//cdna.pcpartpicker.com/static/forever/images/product/cba263028a1b6a8e4f8960837de3c83a.256p.jpg,Intel Core i7-5960X,8,3,3.5,140,,595,https://es.pcpartpicker.com/product/TcQypg/intel-cpu-bx80648i75960x,LGA2011-3,13,4.9
//cdna.pcpartpicker.com/static/forever/images/product/d89b878886f1e1afa45aa618a95f4136.256p.jpg,Intel Core i7-7820X,8,3.6,4.5,140,,606.48,https://es.pcpartpicker.com/product/C2dFf7/intel-i7-7820x-36ghz-8-core-processor-bx80673i77820x,LGA2066,10,4.9
//cdna.pcpartpicker.com/static/forever/images/product/8de723005cfc1b85071c4abf4d76bd4e.256p.jpg,AMD Ryzen 9 7950X,16,4.5,5.7,170,Radeon,616.88,https://es.pcpartpicker.com/product/22XJ7P/amd-ryzen-9-7950x-45-ghz-16-core-processor-100-100000514wof,AM5,6,4.7
//cdna.pcpartpicker.com/static/forever/images/product/ef583b00501fbe1d9df909c3ffe2b413.256p.jpg,Intel Core i9-13900KF,24,3,5.8,125,,626.06,https://es.pcpartpicker.com/product/CgkWGX/intel-core-i9-13900kf-3-ghz-24-core-processor-bx8071513900kf,LGA1700,2,5
//cdna.pcpartpicker.com/static/forever/images/product/bb4c0b72e3f78893b1e5b19ab570b2c1.256p.jpg,AMD Ryzen 9 3950X,16,3.5,4.7,105,,641.16,https://es.pcpartpicker.com/product/t7CFf7/amd-ryzen-9-3950x-35-ghz-16-core-processor-100-100000051wof,AM4,62,5
//cdna.pcpartpicker.com/static/forever/images/product/9ec7bf0f10e60c175e9b64c51bab7240.256p.jpg,Intel Core i9-13900K,24,3,5.8,125,Intel UHD Graphics 770,654.79,https://es.pcpartpicker.com/product/DhVmP6/intel-core-i9-13900k-3-ghz-24-core-processor-bx8071513900k,LGA1700,8,4.9
//cdna.pcpartpicker.com/static/forever/images/product/d487244031c8650aa28b1bd94389f83e.256p.jpg,Intel Xeon E-2276G,6,3.8,4.9,80,Intel HD Graphics P630,667,https://es.pcpartpicker.com/product/w6Dkcf/intel-xeon-e-2276g-38-thz-6-core-oemtray-processor-cm8068404227703, LGA1151,1,4
//cdna.pcpartpicker.com/static/forever/images/product/9f4bab6ab3d6eac89876013f43df820e.256p.jpg,Intel Core i9-9900X,10,3.5,4.4,165,,680.88,https://es.pcpartpicker.com/product/qNCD4D/intel-core-i9-9900x-35-ghz-10-core-processor-bx80673i99900x,LGA2066,1,5
//cdna.pcpartpicker.com/static/forever/images/product/b3fd483f4dc6bc63faff298cdffb41d5.256p.jpg,Intel Core i9-12900KS,16,3.4,5.5,150,Intel UHD Graphics 770,694.99,https://es.pcpartpicker.com/product/sn4Ycf/intel-core-i9-12900ks-34-ghz-16-core-processor-bx8071512900ks,LGA1700,2,4.5
//cdna.pcpartpicker.com/static/forever/images/product/9f4bab6ab3d6eac89876013f43df820e.256p.jpg,Intel Core i9-9820X,10,3.3,4.1,165,,709.25,https://es.pcpartpicker.com/product/YG448d/intel-core-i9-9820x-33-ghz-10-core-processor-bx80673i99820x,LGA2066,2,4.5
//cdna.pcpartpicker.com/static/forever/images/product/d6ea76d2a63ade5759235829a6d63697.256p.jpg,Intel Core i9-10900X,10,3.7,4.7,165,,750,https://es.pcpartpicker.com/product/r4NgXL/intel-core-i9-10900x-37-ghz-10-core-processor-bx8069510900x,LGA2066,1,5
https://m.media-amazon.com/images/I/51rLr1NagHL.jpg,Intel Xeon E5-2690 V3,12,2.6,3.5,135,,783.99,https://es.pcpartpicker.com/product/WcCrxr/intel-cpu-bx80644e52690v3,LGA2011-3,1,5
https://m.media-amazon.com/images/I/51YeSV5-byL.jpg,AMD FX-9370,8,4.4,4.7,220,,795,https://es.pcpartpicker.com/product/gkV48d/amd-cpu-fd9370fhhkwox,AM3+,2,5
//cdna.pcpartpicker.com/static/forever/images/product/acbbf09e0391f7599810e37d7ed1f9de.256p.jpg,Intel Xeon E5-2690 V4,14,2.6,3.5,135,,839.99,https://es.pcpartpicker.com/product/fNcMnQ/intel-cpu-bx80660e52690v4,LGA2011-3,1,5
https://m.media-amazon.com/images/I/41RbzAmPg7L.jpg,Intel Core i7-6950X,10,3,3.5,140,,840.81,https://es.pcpartpicker.com/product/MJM323/intel-cpu-bx80671i76950x,LGA2011-3,4,5
//cdna.pcpartpicker.com/static/forever/images/product/fe223eeb7f193ce69814603b89175472.256p.jpg,Intel Xeon E5-2660 V4,14,2,3.2,105,,865.38,https://es.pcpartpicker.com/product/6k98TW/intel-cpu-bx80660e52660v4,LGA2011-3,1,5
//cdna.pcpartpicker.com/static/forever/images/product/e5ec30e5856001c1f713bc38ef99b588.256p.jpg,AMD Threadripper 2920X,12,3.5,4.3,180,,876.8,https://es.pcpartpicker.com/product/gnDJ7P/amd-threadripper-2920x-35-ghz-12-core-processor-yd292xa8afwof,sTR4,1,5
//cdna.pcpartpicker.com/static/forever/images/product/f289869a9c93444d38bf7d98fcbe2407.256p.jpg,Intel Core i9-10920X,12,3.5,4.8,165,,895.17,https://es.pcpartpicker.com/product/2vZzK8/intel-core-i9-10920x-35-ghz-12-core-processor-bx8069510920x,LGA2066,1,5
https://m.media-amazon.com/images/I/51hzN4DjiDL.jpg,AMD Threadripper 1950X,16,3.4,4,180,,1070,https://es.pcpartpicker.com/product/CF7CmG/amd-threadripper-1950x-34ghz-16-core-processor-yd195xa8aewof,sTR4,18,4.9
//cdna.pcpartpicker.com/static/forever/images/product/3ada9b0ee52763b884f3f76b681846ad.256p.jpg,AMD Threadripper 3960X,24,3.8,4.5,280,,1609.39,https://es.pcpartpicker.com/product/kNyqqs/amd-ryzen-9-3960x-38-ghz-24-core-processor-100-100000010wof,sTRX4,9,4.8
//cdna.pcpartpicker.com/static/forever/images/product/f2cacb6e0f6003d798989357654aff3c.256p.jpg,AMD Threadripper 3970X,32,3.7,4.5,280,,4000,https://es.pcpartpicker.com/product/rkwkcf/amd-threadripper-3970x-37-ghz-32-core-processor-100-100000011wof,sTRX4,7,5
//cdna.pcpartpicker.com/static/forever/images/product/7e2e7fecadc261c89c70cf3965a97a28.256p.jpg,AMD Threadripper 3990X,64,2.9,4.3,280,,5293.08,https://es.pcpartpicker.com/product/KWmFf7/amd-threadripper-3990x-29-ghz-64-core-processor-100-100000163wof,sTRX4,1,5
