img_src,name,chipset,memory_GB,core_clock_MHz,boost_clock_MHz,color,length_mm,price,link,rating_number, rating
//cdna.pcpartpicker.com/static/forever/images/product/20f2e11eabbca0c2bc0740a93ccc16f2.256p.jpg,Asus R7240-2GD3-L,Radeon R7 240,2,730,,Black / Red,159,85.51,https://es.pcpartpicker.com/product/XyJwrH/asus-video-card-r72402gd3l,1,2
//cdna.pcpartpicker.com/static/forever/images/product/a942ac1d4371fc2be1fafc4799c90269.256p.jpg,PNY VCGGT7102XPB,GeForce GT 710,2,954,,Black,114,86,https://es.pcpartpicker.com/product/QwcMnQ/pny-video-card-vcggt7102xpb,3,4
//cdna.pcpartpicker.com/static/forever/images/product/50af1d4d41843ea4c143fff3dfbdf33b.256p.jpg,MSI GT 710 2GD3H LP,GeForce GT 710,2,954,954,Black,146,86.53,https://es.pcpartpicker.com/product/gkYWGX/msi-geforce-gt-710-2gb-low-profile-video-card-gt-710-2gd3h-lp,4,3.2
//cdna.pcpartpicker.com/static/forever/images/product/8a44fd1a6f66aa2f153e73efadf3ef47.256p.jpg,Zotac ZT-P10300A-10L,GeForce GT 1030,2,1227,1468,Black,173,90.8,https://es.pcpartpicker.com/product/b4KhP6/zotac-geforce-gt-1030-2gb-video-card-zt-p10300a-10l,1,3
//cdna.pcpartpicker.com/static/forever/images/product/3beb0bf7ba158d78c55d6b7ad77680ed.256p.jpg,Asus Phoenix Fan OC,GeForce GT 1030,2,1278,1531,Black / Blue,184,92.5,https://es.pcpartpicker.com/product/FjfmP6/asus-geforce-gt-1030-2gb-phoenix-fan-oc-video-card-ph-gt1030-o2g,4,4.8
https://m.media-amazon.com/images/I/316PlElxcuL.jpg,Zotac ZT-71113-20L,GeForce GT 730,2,902,,Black / Gold,146,92.63,https://es.pcpartpicker.com/product/GFTrxr/zotac-video-card-zt7111320l,2,4
//cdna.pcpartpicker.com/static/forever/images/product/b8e651d7ff54e0c852c4ae4e060e3204.256p.jpg,Gigabyte GV-N1030SL-2GL,GeForce GT 1030,2,1252,1506,White,175,107.02,https://es.pcpartpicker.com/product/s3YWGX/gigabyte-geforce-gt-1030-2gb-silent-low-profile-video-card-gv-n1030sl-2gl,5,5
//cdna.pcpartpicker.com/static/forever/images/product/ed0f6aeda0c69ec951635e8ed989478b.256p.jpg,Gigabyte GV-N1030D4-2GL,GeForce GT 1030 DDR4,2,1151,1417,Black,150,109.31,https://es.pcpartpicker.com/product/xC448d/gigabyte-geforce-gt-1030-ddr4-2gb-video-card-gv-n1030d4-2gl,1,3
//cdna.pcpartpicker.com/static/forever/images/product/571db55a22fe134a43422fa8835ff75a.256p.jpg,Gigabyte GV-N1030D5-2GL,GeForce GT 1030,2,1252,1506,Black,150,115.99,https://es.pcpartpicker.com/product/nRmxFT/gigabyte-geforce-gt-1030-2gb-low-profile-video-card-gv-n1030d5-2gl,9,4.2
//cdna.pcpartpicker.com/static/forever/images/product/2a68f4c0042a271492dbc6f4a23b3b89.256p.jpg,Zotac ZT-71115-20L,GeForce GT 730,4,902,,Black / Gold,,118,https://es.pcpartpicker.com/product/MHx9TW/zotac-video-card-zt7111520l,1,4
//cdna.pcpartpicker.com/static/forever/images/product/db948b6b6020be210c118527887f8a91.256p.jpg,Gigabyte GV-N1030OC-2GI,GeForce GT 1030,2,1290,1544,Black / Orange,168,120,https://es.pcpartpicker.com/product/X78j4D/gigabyte-geforce-gt-1030-2gb-video-card-gv-n1030oc-2gi,8,4.4
//cdna.pcpartpicker.com/static/forever/images/product/56b51ca9509deaa5507ac8e7aed64abb.256p.jpg,XFX Speedster SWFT 105,Radeon RX 6400,4,1923,,Black,155,161,https://es.pcpartpicker.com/product/39ddnQ/xfx-radeon-rx-6400-4-gb-speedster-swft-105-video-card-rx-64xl4sfg2,1,4
https://m.media-amazon.com/images/I/41SfAzaem+L.jpg,Sapphire PULSE,Radeon RX 550 - 512,4,1100,1206,Black / Red,158,175.82,https://es.pcpartpicker.com/product/GLTrxr/sapphire-radeon-rx-550-4gb-pulse-video-card-11268-01-20g,5,4
//cdna.pcpartpicker.com/static/forever/images/product/991083ca634c15e08fd5b9c7c33f6230.256p.jpg,MSI GTX 1050 TI 4GT LP,GeForce GTX 1050 Ti,4,1290,1392,Black / White,182,182.15,https://es.pcpartpicker.com/product/Hnhj4D/msi-geforce-gtx-1050-ti-4gb-video-card-gtx-1050-ti-4gt-lp,4,5
//cdna.pcpartpicker.com/static/forever/images/product/94c8b0f21d77d7bfa2a9cb727857fcc6.256p.jpg,XFX XFX Speedster QICK 210 Radeon RX 6500 XT 4GB GDDR6 PCI Express 4.0 Video Card RX-65XT4DBDQ,Radeon RX 6500 XT,4,2310,2825,Black / Silver,232,191,https://es.pcpartpicker.com/product/ykstt6/xfx-radeon-rx-6500-xt-4-gb-speedster-qick-210-video-card-rx-65xt4dbdq,3,4.7
//cdna.pcpartpicker.com/static/forever/images/product/7b87f1151133cd104c83a41914b02457.256p.jpg,Asus Phoenix OC,GeForce GTX 1650 G5,4,1485,1710,Black,190,192.5,https://es.pcpartpicker.com/product/f8WfrH/asus-geforce-gtx-1650-4-gb-phoenix-oc-video-card-ph-gtx1650-o4g,7,4.9
//cdna.pcpartpicker.com/static/forever/images/product/0fda15afd0540cb65cb27b509d2427a5.256p.jpg,Sapphire PULSE Low Profile,Radeon RX 6400,4,1923,,Black / Red,170,193.51,https://es.pcpartpicker.com/product/qmZ9TW/sapphire-radeon-rx-6400-4-gb-pulse-low-profile-video-card-11315-01-20g,1,5
//cdna.pcpartpicker.com/static/forever/images/product/de7225d83465d909752ae5f50e9d3d36.256p.jpg,Asus CERBERUS,GeForce GTX 1050 Ti,4,1341,1480,Black / Red,203,197.49,https://es.pcpartpicker.com/product/3xCD4D/asus-geforce-gtx-1050-ti-4gb-cerberus-video-card-cerberus-gtx1050ti-o4g,1,4
//cdna.pcpartpicker.com/static/forever/images/product/cbee7f02649e2958e4bd5426208b4a2b.256p.jpg,Gigabyte OC Low Profile,GeForce GTX 1650 G5,4,1485,1695,Black,167,204.79,https://es.pcpartpicker.com/product/fpDkcf/gigabyte-geforce-gtx-1650-4-gb-oc-low-profile-video-card-gv-n1650oc-4gl,4,4
https://m.media-amazon.com/images/I/414goNzSLaL.jpg,Asus Phoenix,GeForce GTX 1050 Ti,4,1290,1392,Black / White,192,206.24,https://es.pcpartpicker.com/product/6hKhP6/asus-geforce-gtx-1050-ti-4gb-phoenix-video-card-ph-gtx1050ti-4g,16,4.6
//cdna.pcpartpicker.com/static/forever/images/product/48eea8a717330fc5dd5856b1fae65042.256p.jpg,MSI D6 VENTUS XS OC,GeForce GTX 1650 G6,4,1410,1620,Black / Silver,178,209.9,https://es.pcpartpicker.com/product/BW6qqs/msi-geforce-gtx-1650-g6-4-gb-d6-ventus-xs-oc-video-card-gtx-1650-d6-ventus-xs-oc,1,5
//cdna.pcpartpicker.com/static/forever/images/product/7a8d66854d65f497aca573e84772d861.256p.jpg,Asus CERBERUS,GeForce GTX 1050 Ti,4,1328,1442,Black / Red,203,212.03,https://es.pcpartpicker.com/product/Bzvbt6/asus-geforce-gtx-1050-ti-4gb-cerberus-video-card-cerberus-gtx1050ti-a4g,7,4.3
//cdna.pcpartpicker.com/static/forever/images/product/07ff8dc03a65e34edc811c97d838af9a.256p.jpg,MSI VENTUS XS OC,GeForce GTX 1650 G5,4,1485,1740,Black / White,170,212.8,https://es.pcpartpicker.com/product/THYLrH/msi-geforce-gtx-1650-4-gb-ventus-xs-oc-video-card-geforce-gtx-1650-ventus-xs-4g-oc,10,4.3
//cdna.pcpartpicker.com/static/forever/images/product/7001ed5112f8b2a682faebd487a8b397.256p.jpg,MSI D6 AERO ITX OC,GeForce GTX 1650 G6,4,1410,1620,Black / White,170,212.9,https://es.pcpartpicker.com/product/P2ZzK8/msi-geforce-gtx-1650-g6-4-gb-d6-aero-itx-oc-video-card-gtx-1650-d6-aero-itx-oc,1,3
https://m.media-amazon.com/images/I/41HaGJmu2-L.jpg,AMD 100-506115,Radeon Pro WX 3200,4,1250,1290,Blue / Black,168,219.69,https://es.pcpartpicker.com/product/h8MTwP/amd-radeon-pro-wx-3200-4-gb-video-card-100-506115,1,5
https://m.media-amazon.com/images/I/41wlHdf2QML.jpg,Gigabyte GV-N105TD5-4GD,GeForce GTX 1050 Ti,4,1290,1430,Black / Orange,172,220.99,https://es.pcpartpicker.com/product/8fx9TW/gigabyte-geforce-gtx-1050-ti-4gb-video-card-gv-n105td5-4gd,12,4.4
https://m.media-amazon.com/images/I/31zDtK2uG0L.jpg,Palit StormX,GeForce GTX 1050 Ti,4,1290,1392,Black,166,222.06,https://es.pcpartpicker.com/product/KHRFf7/palit-geforce-gtx-1050-ti-4gb-stormx-video-card-ne5105t018g1-1070f,4,4.8
https://m.media-amazon.com/images/I/51RIAs0jmrL.jpg,Asus TUF GAMING OC,GeForce GTX 1650 G6,4,1410,1680,Black,204,222.52,https://es.pcpartpicker.com/product/DnjBD3/asus-geforce-gtx-1650-g6-4-gb-tuf-gaming-oc-video-card-tuf-gtx1650-o4gd6-gaming,2,4.5
https://m.media-amazon.com/images/I/41oGIjAoi2L.jpg,Gigabyte EAGLE,Radeon RX 6500 XT,4,2310,2815,Black,192,223.9,https://es.pcpartpicker.com/product/JNjBD3/gigabyte-radeon-rx-6500-xt-4-gb-eagle-video-card-gv-r65xteagle-4gd,1,5
https://m.media-amazon.com/images/I/51lWSyy-3WL.jpg,MSI GT LP OC,GeForce GTX 1650 G5,4,1485,1695,Black,168,224.36,https://es.pcpartpicker.com/product/GyFKHx/msi-geforce-gtx-1650-4-gb-gt-lp-oc-video-card-gtx-1650-4gt-lp-oc,1,5
https://images-eu.ssl-images-amazon.com/images/I/41r2CgK6CSL.jpg,Asus TUF GAMING OC,Radeon RX 6500 XT,4,2310,2825,Black,250,225.74,https://es.pcpartpicker.com/product/PnrRsY/asus-radeon-rx-6500-xt-4-gb-tuf-gaming-oc-video-card-tuf-rx6500xt-o4g-gaming,1,4
https://m.media-amazon.com/images/I/41oShtaKt8L.jpg,Asus Phoenix OC,GeForce GTX 1650 G6,4,1410,1665,Black,178,226.06,https://es.pcpartpicker.com/product/j4nypg/asus-geforce-gtx-1650-g6-4-gb-phoenix-oc-video-card-ph-gtx1650-o4gd6-p,5,4.6
//cdna.pcpartpicker.com/static/forever/images/product/f9ba4a1f3b5884c73fc1e9c194f0335c.256p.jpg,Gigabyte WINDFORCE OC,GeForce GTX 1650 G6,4,1410,1650,Black / Silver,191,227,https://es.pcpartpicker.com/product/HcjNnQ/gigabyte-geforce-gtx-1650-g6-4-gb-windforce-oc-video-card-gv-n1656wf2oc-4gd,1,4
https://m.media-amazon.com/images/I/517kyrejBdL.jpg,Asus DUAL OC,GeForce GTX 1650 G5,4,1485,1755,Silver / Black,204,230.95,https://es.pcpartpicker.com/product/4CsmP6/asus-geforce-gtx-1650-4-gb-dual-oc-video-card-dual-gtx1650-o4g,5,3.8
//cdna.pcpartpicker.com/static/forever/images/product/191b726dc4937b30cc56a4a63adef075.256p.jpg,Gigabyte OC Low Profile,GeForce GTX 1650 G6,4,1410,1620,Black,167,231.61,https://es.pcpartpicker.com/product/drhmP6/gigabyte-geforce-gtx-1650-g6-4-gb-oc-low-profile-video-card-gv-n1656oc-4gl,1,4
https://images-na.ssl-images-amazon.com/images/I/51QnG5JSoNL.jpg,PowerColor Fighter OC,Radeon RX 6500 XT,4,2310,,Black,191,239.51,https://es.pcpartpicker.com/product/p8vdnQ/powercolor-radeon-rx-6500-xt-4-gb-fighter-oc-video-card-axrx-6500xt-4gbd6-dhoc,1,4
//cdna.pcpartpicker.com/static/forever/images/product/2c97511ad5dd91201e854d13f02be2b1.256p.jpg,PNY VCQP400-PB,Quadro P400,2,1070,1170,Black,145,240,https://es.pcpartpicker.com/product/VMkwrH/pny-quadro-p400-2gb-video-card-vcqp400-pb,1,4
//cdna.pcpartpicker.com/static/forever/images/product/889c1cced73393e0f678bc70c13e69cf.256p.jpg,AMD 100-505999,Radeon Pro WX 3100,4,925,1219,Blue,145,241.8,https://es.pcpartpicker.com/product/24X2FT/amd-radeon-pro-wx-3100-4gb-video-card-100-505999,3,4.3
https://images-fe.ssl-images-amazon.com/images/I/41N21nb7mqL.jpg,Gigabyte WINDFORCE OC,GeForce GTX 1650 G5,4,1485,1710,Black / Silver,191,242.45,https://es.pcpartpicker.com/product/pbNv6h/gigabyte-geforce-gtx-1650-4-gb-windforce-oc-video-card-gv-n1650oc-4gd,5,4
//cdna.pcpartpicker.com/static/forever/images/product/8ca2639464687ac3737d6b73ef8814fb.256p.jpg,PowerColor Red Dragon,Radeon RX 550 - 512,4,1100,1071,Black / Red,152,243.37,https://es.pcpartpicker.com/product/CH6qqs/powercolor-radeon-rx-550-512-4-gb-red-dragon-video-card-axrx-550-4gbd5-dh,1,5
//cdna.pcpartpicker.com/static/forever/images/product/5349b3d210a0561fa447dc7fdda7b123.256p.jpg,MSI MECH 2X OC,Radeon RX 6500 XT,4,2310,2825,Black / Silver,172,247.8,https://es.pcpartpicker.com/product/Xh8bt6/msi-radeon-rx-6500-xt-4-gb-mech-2x-oc-video-card-radeon-rx-6500-xt-mech-2x-4g-oc,2,4.5
//cdna.pcpartpicker.com/static/forever/images/product/c44fe134983047e334951615a7cde573.256p.jpg,Sapphire PULSE,Radeon RX 6500 XT,4,2310,2825,Black / Red,194,255.47,https://es.pcpartpicker.com/product/Mc7G3C/sapphire-radeon-rx-6500-xt-4-gb-pulse-video-card-11314-01-20g,1,5
https://m.media-amazon.com/images/I/31FxmDLS+UL.jpg,Asus TUF GAMING OC,GeForce GTX 1660 SUPER,6,1530,1845,Black,206,259.9,https://es.pcpartpicker.com/product/CH4BD3/asus-geforce-gtx-1660-super-6-gb-tuf-gaming-oc-video-card-tuf-gtx1660s-o6g-gaming,18,4.7
https://m.media-amazon.com/images/I/41JNrayMKRL.jpg,Asus TUF GAMING OC,GeForce GTX 1650 SUPER,4,1530,1800,Black,206,269.79,https://es.pcpartpicker.com/product/DNyqqs/asus-geforce-gtx-1650-super-4-gb-tuf-gaming-oc-video-card-tuf-gtx1650s-o4g-gaming,18,4.9
//cdna.pcpartpicker.com/static/forever/images/product/e5c69c8c1ca3db52dc64fe3e9f3a51ef.256p.jpg,Asus TUF GAMING,GeForce GTX 1650 SUPER,4,1530,1755,Black,206,274.08,https://es.pcpartpicker.com/product/PPzFf7/asus-geforce-gtx-1650-super-4-gb-tuf-gaming-video-card-tuf-gtx1650s-4g-gaming,2,5
//cdna.pcpartpicker.com/static/forever/images/product/5dcefa2f48d6793917705f5eff5cd92e.256p.jpg,XFX Speedster SWFT 210,Radeon RX 6600,8,1626,2491,Black,241,279.9,https://es.pcpartpicker.com/product/wdvdnQ/xfx-radeon-rx-6600-8-gb-speedster-swft-210-video-card-rx-66xl8lfdq,14,4.7
//cdna.pcpartpicker.com/static/forever/images/product/0d50a57d8995f6da53f9d2ea4d6534ce.256p.jpg,MSI VENTUS XS OC,GeForce GTX 1660 SUPER,6,1530,1815,Black / Silver,204,279.9,https://es.pcpartpicker.com/product/Z3wkcf/msi-geforce-gtx-1660-super-6-gb-ventus-xs-oc-video-card-gtx-1660-super-ventus-xs-oc,30,4.6
//cdna.pcpartpicker.com/static/forever/images/product/77f85d9b78866a1efac9ba3c4ff0faad.256p.jpg,EVGA SC ULTRA GAMING,GeForce GTX 1650 G6,4,1410,1710,Black,202,292.2,https://es.pcpartpicker.com/product/LxkgXL/evga-geforce-gtx-1650-g6-4-gb-sc-ultra-gaming-video-card-04g-p4-1257-kr,1,5
//cdna.pcpartpicker.com/static/forever/images/product/16ccb97cafea34fa3e3184969d5a4167.256p.jpg,Gigabyte OC,GeForce GTX 1660,6,1530,1785,Black / Gray,224,294.77,https://es.pcpartpicker.com/product/NHdxFT/gigabyte-geforce-gtx-1660-6-gb-oc-video-card-gv-n1660oc-6gd,10,4.3
https://m.media-amazon.com/images/I/41uN5AliDXL.jpg,Palit StormX,GeForce GTX 1660 SUPER,6,1530,1785,,168,299.89,https://es.pcpartpicker.com/product/dTMTwP/palit-geforce-gtx-1660-super-6-gb-stormx-video-card-ne6166s018j9-161f,1,4
https://m.media-amazon.com/images/I/41P8R+qMDwL.jpg,Zotac GAMING,GeForce RTX 2060,6,1365,1680,Black,210,299.9,https://es.pcpartpicker.com/product/Kv3mP6/zotac-geforce-rtx-2060-6-gb-gaming-video-card-zt-t20600h-10m,13,4.6
//cdna.pcpartpicker.com/static/forever/images/product/b5085de8608652aaa8887a68642fcd36.256p.jpg,PNY VCQFX1800-PCIE-PB,Quadro FX 1800,0.75,,,Black / Green,,300.95,https://es.pcpartpicker.com/product/2hQypg/pny-video-card-vcqfx1800pciepb,1,5
//cdna.pcpartpicker.com/static/forever/images/product/aae323e066117926cc03c7017ab320ce.256p.jpg,PowerColor Fighter,Radeon RX 6600,8,1626,2491,Black,200,304.54,https://es.pcpartpicker.com/product/fQhFf7/powercolor-radeon-rx-6600-8-gb-fighter-video-card-axrx-6600-8gbd6-3dh,3,4.7
//cdna.pcpartpicker.com/static/forever/images/product/936ced0c2298b2d1cab0f9cf6d918092.256p.jpg,Asus Phoenix OC,GeForce GTX 1650 SUPER,4,1530,1770,Black / White,174,304.76,https://es.pcpartpicker.com/product/wX2bt6/asus-geforce-gtx-1650-super-4-gb-phoenix-oc-video-card-ph-gtx1650s-o4g,10,4.8
//cdna.pcpartpicker.com/static/forever/images/product/2f38ad869e4f5af2f2c03070b522cf6c.256p.jpg,Asus DUAL EVO OC,GeForce RTX 2060,6,1365,1785,Black,242,309.89,https://es.pcpartpicker.com/product/fYNgXL/asus-geforce-rtx-2060-6-gb-dual-evo-oc-video-card-dual-rtx2060-o6g-evo,22,4.6
//cdna.pcpartpicker.com/static/forever/images/product/3964d19c60910334b7dcbeee24a4860b.256p.jpg,PNY VCGGTX1050T4PB,GeForce GTX 1050 Ti,4,1290,1392,Black,178,311,https://es.pcpartpicker.com/product/mbRFf7/pny-geforce-gtx-1050-ti-4gb-video-card-vcggtx1050t4pb,3,4.7
,Sapphire PULSE,Radeon RX 6600,8,1626,2491,Black / Red,193,314.99,https://es.pcpartpicker.com/product/gJTp99/sapphire-radeon-rx-6600-8-gb-pulse-video-card-11310-01-20g,9,4.6
//cdna.pcpartpicker.com/static/forever/images/product/fcd36eeea59c05933ec37615a343e0de.256p.jpg,Zotac GAMING Twin Fan,GeForce GTX 1660 SUPER,6,1530,1785,Black,173,315,https://es.pcpartpicker.com/product/y2xbt6/zotac-geforce-gtx-1660-super-6-gb-twin-fan-video-card-zt-t16620f-10l,15,4.7
https://m.media-amazon.com/images/I/51WKEtKVh+L.jpg,EVGA SC ULTRA GAMING,GeForce GTX 1650 G5,4,1485,1860,Black,202,315.28,https://es.pcpartpicker.com/product/sJvbt6/evga-geforce-gtx-1650-4-gb-sc-ultra-gaming-video-card-04g-p4-1057-kr,4,4.8
https://m.media-amazon.com/images/I/41hgAWJAggL.jpg,PNY VCQP620-PB,Quadro P620,2,1266,1354,Black,145,318.12,https://es.pcpartpicker.com/product/VXQG3C/pny-quadro-p620-2-gb-video-card-vcqp620-pb,1,5
//cdna.pcpartpicker.com/static/forever/images/product/9ece7ac858916fd2382f175e50572ddc.256p.jpg,Asus DUAL EVO OC,GeForce GTX 1660 SUPER,6,1530,1860,Black,242,319,https://es.pcpartpicker.com/product/zwYQzy/asus-geforce-gtx-1660-super-6-gb-dual-evo-oc-video-card-dual-gtx1660s-o6g-evo,23,4.8
//cdna.pcpartpicker.com/static/forever/images/product/1fccef8337ab193dadeb843d3605b359.256p.jpg,MSI GAMING X,GeForce GTX 1660 SUPER,6,1530,1830,Black,247,319.89,https://es.pcpartpicker.com/product/YC848d/msi-geforce-gtx-1660-super-6-gb-gaming-x-video-card-gtx-1660-super-gaming-x,36,4.8
https://m.media-amazon.com/images/I/4149G9DyumL.jpg,MSI GeForce RTX 2060 VENTUS GP OC,GeForce RTX 2060,6,1365,1710,Gray / Black,231,319.9,https://es.pcpartpicker.com/product/3ZrRsY/msi-geforce-rtx-2060-6-gb-ventus-gp-oc-video-card-rtx-2060-ventus-gpoc,4,4.5
//cdna.pcpartpicker.com/static/forever/images/product/fca8f9fe51d6006b0ae3fe886cf91bfb.256p.jpg,Asus Phoenix OC,GeForce GTX 1660 SUPER,6,1530,1830,Black / White,174,319.99,https://es.pcpartpicker.com/product/jkfFf7/asus-geforce-gtx-1660-super-6-gb-phoenix-oc-video-card-ph-gtx1660s-o6g,2,4.5
https://m.media-amazon.com/images/I/41n7Sf-7skL.jpg,EVGA KO ULTRA GAMING,GeForce RTX 2060,6,1365,1755,Black,202,323.41,https://es.pcpartpicker.com/product/2H7p99/evga-geforce-rtx-2060-6-gb-ko-ultra-gaming-video-card-06g-p4-2068-kr,45,4.6
//cdna.pcpartpicker.com/static/forever/images/product/5d663e4f8db8ae2d8afe9206414f651c.256p.jpg,Zotac GAMING Twin Edge,GeForce RTX 3050 8GB,8,1550,1777,Black / Silver,224,331.59,https://es.pcpartpicker.com/product/9Lnypg/zotac-geforce-rtx-3050-8gb-8-gb-gaming-twin-edge-video-card-zt-a30500e-10m,2,4.5
//cdna.pcpartpicker.com/static/forever/images/product/4444b80c65876c27baaf9505d7a35cbe.256p.jpg,Asus Phoenix OC,GeForce GTX 1660,6,1530,1830,Black / White,174,331.99,https://es.pcpartpicker.com/product/CnYLrH/asus-geforce-gtx-1660-6-gb-phoenix-oc-video-card-ph-gtx1660-o6g,4,4
//cdna.pcpartpicker.com/static/forever/images/product/dfb19d7a433728ff7b12090cb910aca8.256p.jpg,MSI GAMING X,Radeon RX 6650 XT,8,2055,2694,Silver / Black,278,339.89,https://es.pcpartpicker.com/product/xQQcCJ/msi-radeon-rx-6650-xt-8-gb-gaming-x-video-card-radeon-rx-6650-xt-gaming-x-8g,2,5
//cdna.pcpartpicker.com/static/forever/images/product/871221f1d44c13b10810466e870e59c8.256p.jpg,Gigabyte EAGLE OC,GeForce RTX 3050 8GB,8,1550,1792,Black,213,339.89,https://es.pcpartpicker.com/product/gmvdnQ/gigabyte-geforce-rtx-3050-8gb-8-gb-eagle-oc-video-card-gv-n3050eagle-oc-8gd,3,4.7
https://m.media-amazon.com/images/I/31ntY1s6tWL.jpg,Gigabyte OC,GeForce GTX 1660 Ti,6,1500,1800,Black / Gray,226,341.63,https://es.pcpartpicker.com/product/YrZFf7/gigabyte-geforce-gtx-1660-ti-6-gb-oc-video-card-gv-n166toc-6gd,12,4.7
//cdna.pcpartpicker.com/static/forever/images/product/449a0be03664324be92d3b2f674c4f8a.256p.jpg,KFA2 (1-Click OC),GeForce GTX 1660 SUPER,6,1530,1800,Black,214,342.49,https://es.pcpartpicker.com/product/jZdrxr/kfa2-geforce-gtx-1660-super-6-gb-1-click-oc-video-card-60srl7dsy91k,3,3.7
//cdna.pcpartpicker.com/static/forever/images/product/e192d83fee4d6d8be7edaa9386553f0c.256p.jpg,EVGA SC ULTRA GAMING,GeForce GTX 1660 SUPER,6,1530,1830,Black,202,343.62,https://es.pcpartpicker.com/product/GzPgXL/evga-geforce-gtx-1660-super-6-gb-sc-ultra-gaming-video-card-06g-p4-1068-kr,23,4.7
//cdna.pcpartpicker.com/static/forever/images/product/da93933654fc2c4c17c4f240124462c5.256p.jpg,EVGA XC GAMING,GeForce RTX 2060,12,1365,1680,Black,268,349.46,https://es.pcpartpicker.com/product/Xj92FT/evga-geforce-rtx-2060-12-gb-xc-gaming-video-card-12g-p4-2263-kr,1,4
https://images-na.ssl-images-amazon.com/images/I/51oKwhr6NvL.jpg,MSI VENTUS 2X OC,GeForce RTX 3050 8GB,8,1550,,Black,235,349.9,https://es.pcpartpicker.com/product/qJZ9TW/msi-geforce-rtx-3050-8gb-8-gb-ventus-2x-oc-video-card-geforce-rtx-3050-ventus-2x-8g-oc,1,5
//cdna.pcpartpicker.com/static/forever/images/product/8a627374e0bc62f1d88e09a59fd041be.256p.jpg,EVGA SC GAMING,GeForce RTX 2060,6,1365,1710,Black,190,349.99,https://es.pcpartpicker.com/product/9F7v6h/evga-geforce-rtx-2060-6-gb-sc-gaming-video-card-06g-p4-2062-kr,1,5
//cdna.pcpartpicker.com/static/forever/images/product/9dfd9338635c909cdc810e266474b18d.256p.jpg,Palit Dual,GeForce RTX 3050 8GB,8,1550,1777,Black,245,357.88,https://es.pcpartpicker.com/product/3nrRsY/palit-geforce-rtx-3050-8gb-8-gb-dual-video-card-ne63050019p1-190ad,1,5
//cdna.pcpartpicker.com/static/forever/images/product/9c57e7f04b05270bcf7edb9fcf4c715c.256p.jpg,Gigabyte GAMING OC,GeForce RTX 3050 8GB,8,1550,,Black,282,359.79,https://es.pcpartpicker.com/product/KgH7YJ/gigabyte-geforce-rtx-3050-8gb-8-gb-gaming-oc-video-card-gv-n3050gaming-oc-8gd,1,5
//cdna.pcpartpicker.com/static/forever/images/product/f04d090f920f91c0e81c5bb4ca7fa11f.256p.jpg,PNY VCG16606SSFPPB,GeForce GTX 1660 SUPER,6,1530,1785,Black,168,362.93,https://es.pcpartpicker.com/product/hNzFf7/pny-geforce-gtx-1660-super-6-gb-video-card-vcg16606ssfppb,4,4.8
//cdna.pcpartpicker.com/static/forever/images/product/97a8fabe6753e251584fb73df756d764.256p.jpg,XFX Speedster QICK 308 ULTRA,Radeon RX 6650 XT,8,2055,2689,Black / Silver,274,363,https://es.pcpartpicker.com/product/zGFbt6/xfx-radeon-rx-6650-xt-8-gb-speedster-qick-308-ultra-video-card-rx-665x8ludy,1,5
//cdna.pcpartpicker.com/static/forever/images/product/1a4af75f4453f689ab9e8e6ded05b42f.256p.jpg,MSI VENTUS XS OC,GeForce GTX 1660,6,1530,1830,Black / White,204,368.68,https://es.pcpartpicker.com/product/MYMwrH/msi-geforce-gtx-1660-6-gb-ventus-xs-oc-video-card-gtx-1660-ventus-xs-6g-oc,31,4.8
//cdna.pcpartpicker.com/static/forever/images/product/b0e051a708321266a79ebff507b3ea33.256p.jpg,EVGA SC ULTRA GAMING,GeForce GTX 1660,6,1530,1830,Silver / Black,202,371.7,https://es.pcpartpicker.com/product/DJCD4D/evga-geforce-gtx-1660-6-gb-sc-ultra-gaming-video-card-06g-p4-1067-kr,7,4.9
https://m.media-amazon.com/images/I/41zbGIuoZeL.jpg,PowerColor Hellhound,Radeon RX 6600,8,1626,2491,Black / White,220,383.65,https://es.pcpartpicker.com/product/nxWzK8/powercolor-radeon-rx-6600-8-gb-hellhound-video-card-axrx-6600-8gbd6-3dhl,1,4
https://m.media-amazon.com/images/I/41Z+tPcosjL.jpg,Asus DUAL,Radeon RX 6600,8,1626,2491,Black / Silver,243,385.22,https://es.pcpartpicker.com/product/NdvdnQ/asus-radeon-rx-6600-8-gb-dual-video-card-dual-rx6600-8g,6,4.3
//cdna.pcpartpicker.com/static/forever/images/product/8aa13da58437c92f9345df938c1a5e2f.256p.jpg,MSI VENTUS 2X,GeForce RTX 3050 8GB,8,1550,,Black,235,387.75,https://es.pcpartpicker.com/product/gxjBD3/msi-geforce-rtx-3050-8gb-8-gb-ventus-2x-video-card-geforce-rtx-3050-ventus-2x-8g,1,5
//cdna.pcpartpicker.com/static/forever/images/product/8cf01b190880406216120cf4c13d95df.256p.jpg,Sapphire PULSE,Radeon RX 6700,10,1941,2495,Black / Red,260,389.9,https://es.pcpartpicker.com/product/X96p99/sapphire-radeon-rx-6700-10-gb-pulse-video-card-11321-02-20g,1,5
https://m.media-amazon.com/images/I/41EqImt59yL.jpg,MSI GeForce RTX 3060 Ventus 2X 12G,GeForce RTX 3060 12GB,12,1320,1777,Black,235,396.44,https://es.pcpartpicker.com/product/pD8bt6/msi-geforce-rtx-3060-12-gb-ventus-2x-video-card-rtx3060ventus2x12goc,10,4.7
https://m.media-amazon.com/images/I/414rhtXyP4L.jpg,Gigabyte EAGLE,Radeon RX 6600,8,1626,2491,Black / Silver,282,396.74,https://es.pcpartpicker.com/product/G9ytt6/gigabyte-radeon-rx-6600-8-gb-eagle-video-card-gv-r66eagle-8gd,2,4.5
https://m.media-amazon.com/images/I/31sjIyeTJJL.jpg,Zotac GAMING AMP,GeForce RTX 3060 12GB,12,1320,1867,White,232,397.8,https://es.pcpartpicker.com/product/DXH7YJ/zotac-geforce-rtx-3060-12-gb-gaming-amp-video-card-zt-a30600f-10p,3,4.7
https://m.media-amazon.com/images/I/4160TRnJpqL.jpg,MSI Radeon RX 6600 MECH 2X 8G,Radeon RX 6600,8,1626,2491,Black / Silver,235,399.9,https://es.pcpartpicker.com/product/M9ytt6/msi-radeon-rx-6600-8-gb-mech-2x-video-card-rx-6600-mech-2x-8g,11,4.8
//cdna.pcpartpicker.com/static/forever/images/product/f4f5bdae792beaeebd757c0e00c1e02e.256p.jpg,EVGA XC GAMING,GeForce RTX 3050 8GB,8,1550,1845,Black,202,400.63,https://es.pcpartpicker.com/product/HDFbt6/evga-geforce-rtx-3050-8gb-8-gb-xc-gaming-video-card-08g-p5-3553-kr,8,4.9
//cdna.pcpartpicker.com/static/forever/images/product/932e869ee03855291c9d97907dd1832d.256p.jpg,Gigabyte OC,GeForce RTX 2060,6,1365,1755,Black,226,400.94,https://es.pcpartpicker.com/product/KX66Mp/gigabyte-geforce-rtx-2060-6-gb-oc-video-card-gv-n2060oc-6gd,22,4.4
https://m.media-amazon.com/images/I/417KiniA76L.jpg,PNY XLR8 Gaming REVEL EPIC-X RGB,GeForce RTX 3060 12GB,12,1320,,Black,170,402.33,https://es.pcpartpicker.com/product/4m8bt6/pny-geforce-rtx-3060-12-gb-xlr8-gaming-revel-epic-x-rgb-video-card-vcg306012sfxppb,3,4.3
//cdna.pcpartpicker.com/static/forever/images/product/ed97ccfc9bc42d9a69b1035c6d9cdd52.256p.jpg,XFX Speedster SWFT 309,Radeon RX 6700,10,2132,2425,Black,304,403,https://es.pcpartpicker.com/product/Rs92FT/xfx-speedster-swft-309-radeon-rx-6700-10-gb-video-card-rx-67xlkwfdv,1,5
//cdna.pcpartpicker.com/static/forever/images/product/56b7537b8cc40525919481d59759e011.256p.jpg,Gigabyte OC,GeForce GTX 1660 SUPER,6,1530,1830,Black / Silver,226,404.49,https://es.pcpartpicker.com/product/CnpmP6/gigabyte-geforce-gtx-1660-super-6-gb-oc-video-card-gv-n166soc-6gd,50,4.8
https://m.media-amazon.com/images/I/41yg8Ma8V+L.jpg,Zotac GAMING Twin Edge,GeForce RTX 3060 12GB,12,1320,1777,Black,224,409.9,https://es.pcpartpicker.com/product/cBPQzy/zotac-geforce-rtx-3060-12-gb-gaming-twin-edge-video-card-zt-a30600e-10m,3,4.7
//cdna.pcpartpicker.com/static/forever/images/product/fd3f1fab20d375d6dcb36184a28b0092.256p.jpg,ASRock Challenger D,Radeon RX 6600,8,1626,,Black,269,410.64,https://es.pcpartpicker.com/product/D9ytt6/asrock-radeon-rx-6600-8-gb-challenger-d-video-card-rx6600-cld-8g,6,4.7
//cdna.pcpartpicker.com/static/forever/images/product/0c89905bcecfb12a5b4ce65b3c6e4535.256p.jpg,Palit Dual,GeForce RTX 3060 12GB,12,1320,,Black,245,415.29,https://es.pcpartpicker.com/product/LKZ9TW/palit-geforce-rtx-3060-12-gb-dual-video-card-ne63060019k9-190ad,2,5
//cdna.pcpartpicker.com/static/forever/images/product/3a6b11e8d2c7092ed1da22a3428da900.256p.jpg,Zotac GAMING Twin Edge OC,GeForce RTX 3060 12GB,12,1320,1807,Black,224,416.99,https://es.pcpartpicker.com/product/sM8bt6/zotac-geforce-rtx-3060-12-gb-gaming-twin-edge-oc-video-card-zt-a30600h-10m,10,4.5
https://m.media-amazon.com/images/I/51qLoCBkwrL.jpg,Intel Limited Edition,Arc A770,16,2100,,Black,250,419.89,https://es.pcpartpicker.com/product/wjt9TW/intel-limited-edition-arc-a770-16-gb-video-card-99ak3t,2,4.5
//cdna.pcpartpicker.com/static/forever/images/product/65031a45caf3191f95aa7ba90c66ab26.256p.jpg,Gigabyte D6 Rev 2.0,GeForce RTX 2060,6,1365,1680,Black / Gray,226,422.86,https://es.pcpartpicker.com/product/64jNnQ/gigabyte-geforce-rtx-2060-6-gb-d6-rev-20-video-card-gv-n2060d6-6gd,2,5
https://m.media-amazon.com/images/I/416rS9oiWHL.jpg,Gigabyte GV-N3060EAGLE OC12GD,GeForce RTX 3060 12GB,12,1320,1807,Black,242,424.9,https://es.pcpartpicker.com/product/h2RYcf/gigabyte-geforce-rtx-3060-12-gb-video-card-gv-n3060eagle-oc12gd,7,4.3
https://m.media-amazon.com/images/I/41JttgPjEOL.jpg,PowerColor Fighter,Radeon RX 6700,10,1941,2495,Black,228,425.45,https://es.pcpartpicker.com/product/2zqPxr/powercolor-fighter-radeon-rx-6700-10-gb-video-card-axrx-6700-10gbd6-3dhoc,1,4
//cdna.pcpartpicker.com/static/forever/images/product/42f6a4678a06b8b72ace447010d073af.256p.jpg,EVGA BLACK GAMING,GeForce GTX 1660 SUPER,6,1530,1785,Black,190,428.99,https://es.pcpartpicker.com/product/ByqBD3/evga-geforce-gtx-1660-super-6-gb-black-gaming-video-card-06g-p4-1061-kr,4,4.5
https://m.media-amazon.com/images/I/41irruoTzVL.jpg,Gigabyte GAMING OC Rev 2.0,GeForce RTX 3060 12GB,12,1320,1837,Black / Gray,282,439.9,https://es.pcpartpicker.com/product/GzgFf7/gigabyte-geforce-rtx-3060-12-gb-gaming-oc-rev-20-video-card-gv-n3060gaming-oc-12gd-rev-20,4,4.8
//cdna.pcpartpicker.com/static/forever/images/product/464d4c6d66b201de38550620d1617698.256p.jpg,PowerColor Red Devil,Radeon RX 580,8,1257,1380,Black / Red,255,444.09,https://es.pcpartpicker.com/product/PTfmP6/powercolor-radeon-rx-580-8gb-red-devil-video-card-axrx-580-8gbd5-3dhoc,11,4.7
https://m.media-amazon.com/images/I/41hp0vpY-CL.jpg,Gainward Ghost,GeForce RTX 3060 12GB,12,1320,1777,Black,245,448.36,https://es.pcpartpicker.com/product/frVmP6/gainward-geforce-rtx-3060-12-gb-ghost-video-card-ne63060019k9-190au,4,4.8
//cdna.pcpartpicker.com/static/forever/images/product/85bc273ac4645d65c47fc646b940da9c.256p.jpg,Asus TUF GAMING OC V2,GeForce RTX 3060 12GB,12,1320,1882,Black,301,449.89,https://es.pcpartpicker.com/product/Djwypg/asus-tuf-gaming-oc-v2-geforce-rtx-3060-12-gb-video-card-tuf-rtx3060-o12g-v2-gaming,2,5
https://m.media-amazon.com/images/I/51qLoCBkwrL.jpg,Zotac GAMING Twin Fan,GeForce GTX 1660,6,1530,1785,Black,216,449.95,https://es.pcpartpicker.com/product/86QfrH/zotac-geforce-gtx-1660-6-gb-gaming-twin-fan-video-card-zt-t16600k-10m,3,4.3
//cdna.pcpartpicker.com/static/forever/images/product/ef2a9310431bcbbca471e1a3ca5616ed.256p.jpg,Sapphire PULSE,Radeon RX 6650 XT,8,2055,2635,Red / Black,240,451.04,https://es.pcpartpicker.com/product/DfLFf7/sapphire-radeon-rx-6650-xt-8-gb-pulse-video-card-11319-03-20g,1,5
https://images-na.ssl-images-amazon.com/images/I/518tm4e-PzL.jpg,EVGA XC GAMING,GeForce RTX 3060 12GB,12,1320,1882,Black,202,462.09,https://es.pcpartpicker.com/product/LpbTwP/evga-geforce-rtx-3060-12-gb-xc-gaming-video-card-12g-p5-3657-kr,57,4.9
https://images-na.ssl-images-amazon.com/images/I/41ki5yXzW%2BL.jpg,MSI MECH 2X OC,Radeon RX 6650 XT,8,2055,,Silver / Black,235,462.52,https://es.pcpartpicker.com/product/rfLFf7/msi-radeon-rx-6650-xt-8-gb-mech-2x-oc-video-card-radeon-rx-6650-xt-mech-2x-8g-oc,2,4.5
https://images-na.ssl-images-amazon.com/images/I/41ki5yXzW%2BL.jpg,ASRock Challenger D OC,Radeon RX 6600 XT,8,1968,,Black,269,462.88,https://es.pcpartpicker.com/product/DgFbt6/asrock-radeon-rx-6600-xt-8-gb-challenger-d-oc-video-card-rx6600xt-cld-8go,2,5
https://m.media-amazon.com/images/I/41EkkIWv6LL.jpg,XFX Speedster SWFT 309,Radeon RX 6700 XT,12,2321,2581,Black,304,464,https://es.pcpartpicker.com/product/RFGbt6/xfx-radeon-rx-6700-xt-12-gb-speedster-swft-309-video-card-rx-67xtyjfdv,2,5
//cdna.pcpartpicker.com/static/forever/images/product/1b4c70169d7bd2930ad8f94968cfe001.256p.jpg,Sapphire NITRO+,Radeon RX 6600 XT,8,1968,2607,Black / Silver,240,467.38,https://es.pcpartpicker.com/product/dFmmP6/sapphire-radeon-rx-6600-xt-8-gb-nitro-video-card-11309-01-20g,8,4.6
//cdna.pcpartpicker.com/static/forever/images/product/2dba4d3d3ceec0cc893f79a4bc4e50f9.256p.jpg,Zotac GAMING AMP,GeForce RTX 3060 Ti LHR,8,1410,1755,White,232,470.8,https://es.pcpartpicker.com/product/CCgFf7/zotac-geforce-rtx-3060-ti-lhr-8-gb-gaming-amp-video-card-zt-a30610f-10plhr,4,4.8
https://m.media-amazon.com/images/I/41R3RAPj-kL.jpg,Asus DUAL,Radeon RX 6700 XT,12,2321,,Black,295,470.84,https://es.pcpartpicker.com/product/V4nypg/asus-radeon-rx-6700-xt-12-gb-dual-video-card-dual-rx6700xt-12g,1,5
https://m.media-amazon.com/images/I/41-IBSRhnQL.jpg,AMD 100-506095,Radeon Pro W5500,8,1354,1900,Blue / White,241,471.24,https://es.pcpartpicker.com/product/7dtKHx/amd-radeon-pro-w5500-8-gb-video-card-100-506095,1,4
//cdna.pcpartpicker.com/static/forever/images/product/70539a29f3b92f82f67b576deb0d1cd4.256p.jpg,ATI 100-505649,FirePro V4900,1,,,Black / Red,,471.9,https://es.pcpartpicker.com/product/dKjG3C/ati-video-card-100505649,2,3
//cdna.pcpartpicker.com/static/forever/images/product/79b987b0f4b58955c49d8c66256560de.256p.jpg,Asus DUAL MINI OC V2,GeForce RTX 3060 Ti LHR,8,1410,1710,Black,200,474.79,https://es.pcpartpicker.com/product/gB92FT/asus-geforce-rtx-3060-ti-lhr-8-gb-dual-mini-oc-v2-video-card-dual-rtx3060ti-o8g-mini-v2,2,5
//cdna.pcpartpicker.com/static/forever/images/product/4f4bc8d4a81ce3a39e4ea4d2c5d174b2.256p.jpg,PowerColor Hellhound Spectral White,Radeon RX 6650 XT,8,2055,2689,White,220,479.93,https://es.pcpartpicker.com/product/TDvdnQ/powercolor-radeon-rx-6650-xt-8-gb-hellhound-video-card-axrx-6650xt-8gbd6-3dhlv2oc,2,4
//cdna.pcpartpicker.com/static/forever/images/product/2db6250893a4c8b67d5b574451503c84.256p.jpg,Gigabyte GV-N3060GAMINGOC12GD,GeForce RTX 3060 12GB,12,1320,1837,Black / Silver,282,486.29,https://es.pcpartpicker.com/product/MXH7YJ/gigabyte-geforce-rtx-3060-12-gb-video-card-gv-n3060gamingoc12gd,10,4.5
//cdna.pcpartpicker.com/static/forever/images/product/c5489241c902a9ae06a42212e978f989.256p.jpg,MSI VENTUS 2X OCV1,GeForce RTX 3060 Ti LHR,8,1410,1695,Black / Gray,235,491.53,https://es.pcpartpicker.com/product/L9BG3C/msi-geforce-rtx-3060-ti-lhr-8-gb-ventus-2x-ocv1-video-card-geforce-rtx-3060-ti-ventus-2x-8g-ocv1-lhr,3,5
//cdna.pcpartpicker.com/static/forever/images/product/f8d9a84bf2417641f18e45e8ced1b665.256p.jpg,MSI MECH 2X,Radeon RX 6700 XT,12,2321,,Black / Silver,247,492.8,https://es.pcpartpicker.com/product/7whFf7/msi-radeon-rx-6700-xt-12-gb-mech-2x-video-card-radeon-rx-6700-xt-mech-2x-12g,3,5
https://m.media-amazon.com/images/I/31i7e8-EdQL.jpg,Gigabyte GAMING OC,Radeon RX 6600 XT,8,1968,2593,Black / Silver,282,494.1,https://es.pcpartpicker.com/product/H4Z9TW/gigabyte-radeon-rx-6600-xt-8-gb-gaming-oc-video-card-gv-r66xtgaming-oc-8gd,1,4
https://m.media-amazon.com/images/I/31WBB09P-BL.jpg,EVGA GAMING,GeForce RTX 2060,6,1365,1680,Black / Silver,190,495.41,https://es.pcpartpicker.com/product/RHXnTW/evga-geforce-rtx-2060-6-gb-gaming-video-card-06g-p4-2060-kr,3,3.3
//cdna.pcpartpicker.com/static/forever/images/product/a6ab6892d31379a4bb73ceefcd36d112.256p.jpg,XFX Speedster QICK 319 Ultra,Radeon RX 6750 XT,12,2150,2623,Silver / Black,323,497,https://es.pcpartpicker.com/product/ffLFf7/xfx-radeon-rx-6750-xt-12-gb-speedster-qick-319-ultra-video-card-rx-675xyludp,1,5
//cdna.pcpartpicker.com/static/forever/images/product/7c2a3df03154245d9a112281c4507a5e.256p.jpg,PNY VCQK2000D-PB,Quadro K2000D,2,,,Black / Green,198,498,https://es.pcpartpicker.com/product/CGphP6/pny-video-card-vcqk2000dpb,1,4
//cdna.pcpartpicker.com/static/forever/images/product/0f8329507fb7fef59d7cc94d4f6600ed.256p.jpg,Zotac GAMING Twin Edge OC,GeForce RTX 3060 Ti LHR,8,1410,1695,Black,222,499.98,https://es.pcpartpicker.com/product/9m3gXL/zotac-geforce-rtx-3060-ti-lhr-8-gb-gaming-twin-edge-oc-video-card-zt-a30610h-10mlhr,5,4.6
//cdna.pcpartpicker.com/static/forever/images/product/b479b4e0786fdadf541cfad257726361.256p.jpg,MSI GeForce RTX 3060 Gaming X12G,GeForce RTX 3060 12GB,12,1320,1837,Black / Silver,276,502.51,https://es.pcpartpicker.com/product/wD8bt6/msi-geforce-rtx-3060-12-gb-gaming-x-video-card-rtx-3060-gaming-x12g,13,4.6
https://m.media-amazon.com/images/I/41NBjuR89fL.jpg,Gigabyte GAMING OC,GeForce RTX 3060 Ti,8,1410,1740,Black / Silver,282,504.8,https://es.pcpartpicker.com/product/b6TzK8/gigabyte-geforce-rtx-3060-ti-8-gb-gaming-oc-video-card-gv-n306tgaming-oc-8gd,14,5
https://m.media-amazon.com/images/I/41ObMx-hc3L.jpg,Gigabyte GAMING OC Rev 2.0,GeForce RTX 3060 Ti LHR,8,1410,1740,Black,282,504.8,https://es.pcpartpicker.com/product/b2YmP6/gigabyte-geforce-rtx-3060-ti-lhr-8-gb-gaming-oc-rev-20-video-card-gv-n306tgaming-oc-8gd-rev-20,2,5
//cdna.pcpartpicker.com/static/forever/images/product/974e6463233d79f449bc6a8d1723859b.256p.jpg,Asus DUAL OC,Radeon RX 6700 XT,12,2321,2622,Black / Silver,295,505.9,https://es.pcpartpicker.com/product/Yxt9TW/asus-dual-oc-radeon-rx-6700-xt-12-gb-video-card-dual-rx6700xt-o12g,1,5
//cdna.pcpartpicker.com/static/forever/images/product/353ee1ecce1f134a20aa5f735d86042e.256p.jpg,Gigabyte GAMING OC,GeForce GTX 1660 SUPER,6,1530,1860,Black / Silver,280,509,https://es.pcpartpicker.com/product/DdbCmG/gigabyte-geforce-gtx-1660-super-6-gb-gaming-oc-video-card-gv-n166sgaming-oc-6gd,24,4.9
//cdna.pcpartpicker.com/static/forever/images/product/a065cf6416100eeafe8cb13d79b628fe.256p.jpg,MSI RTX 3060 Ventus 3X 12G OC,GeForce RTX 3060 12GB,12,1320,1807,Black,316,511.9,https://es.pcpartpicker.com/product/tkTp99/msi-geforce-rtx-3060-12-gb-ventus-3x-oc-video-card-rtx3060ventus3x12goc,9,5
https://m.media-amazon.com/images/I/31q0tASuzXL.jpg,Asus DUAL OC,Radeon RX 6750 XT,12,2150,2618,Black / Silver,295,516.9,https://es.pcpartpicker.com/product/pRt9TW/asus-radeon-rx-6750-xt-12-gb-dual-oc-video-card-dual-rx6750xt-o12g,2,4.5
//cdna.pcpartpicker.com/static/forever/images/product/27739b06844a25c04ad4ab661e1f761a.256p.jpg,Asus DUAL OC,Radeon RX 6600 XT,8,1968,2607,Black / White,243,517.32,https://es.pcpartpicker.com/product/X26p99/asus-radeon-rx-6600-xt-8-gb-dual-oc-video-card-dual-rx6600xt-o8g,2,5
//cdna.pcpartpicker.com/static/forever/images/product/ba41dae3e3847ddb78314bc9bc9c39fc.256p.jpg,Palit Dual,GeForce RTX 3060 Ti LHR,8,1410,1665,Black,247,517.69,https://es.pcpartpicker.com/product/yB848d/palit-geforce-rtx-3060-ti-lhr-8-gb-dual-video-card-ne6306t019p2-190ad,2,4.5
//cdna.pcpartpicker.com/static/forever/images/product/87ffca1b78fd9aefb9d85fd225d0e52d.256p.jpg,Gigabyte GAMING OC,Radeon RX 6650 XT,8,2055,2694,Black / Gray,282,517.79,https://es.pcpartpicker.com/product/3kZ9TW/gigabyte-radeon-rx-6650-xt-8-gb-gaming-oc-video-card-gv-r665xtgaming-oc-8gd,2,5
//cdna.pcpartpicker.com/static/forever/images/product/25bb7b4dd94445852d806a32ff2c1c0e.256p.jpg,Asus ROG STRIX GAMING OC,Radeon RX 6600 XT,8,1968,2607,Black / Gray,243,531.92,https://es.pcpartpicker.com/product/cXhFf7/asus-radeon-rx-6600-xt-8-gb-rog-strix-gaming-oc-video-card-rog-strix-rx6600xt-o8g-gaming,1,4
https://m.media-amazon.com/images/I/414RMq5PeUL.jpg,PowerColor Fighter,Radeon RX 6600 XT,8,1968,2589,Black,200,533.58,https://es.pcpartpicker.com/product/nyH7YJ/powercolor-radeon-rx-6600-xt-8-gb-fighter-video-card-6600xt-8gbd6-3dh,2,4.5
//cdna.pcpartpicker.com/static/forever/images/product/5cb1d5b9088a8d7f17813f53ac8c8df5.256p.jpg,PNY VCQ4000-PB,Quadro 4000,2,,,Black / Silver,,538,https://es.pcpartpicker.com/product/6kNp99/pny-video-card-vcq4000pb,2,3.5
//cdna.pcpartpicker.com/static/forever/images/product/8d643e6599c30add242f02f467bef4a5.256p.jpg,Gigabyte Vision OC,GeForce RTX 3060 12GB,12,1320,1837,Silver / White,280,542.58,https://es.pcpartpicker.com/product/HpbTwP/gigabyte-geforce-rtx-3060-12-gb-vision-oc-video-card-gv-n3060visionoc12gd,5,4.6
https://m.media-amazon.com/images/I/41C9yOOjM5L.jpg,XFX Speedster MERC 319 Black,Radeon RX 6750 XT,12,2150,2623,Silver / Black,323,544,https://es.pcpartpicker.com/product/nJddnQ/xfx-radeon-rx-6750-xt-12-gb-speedster-merc-319-black-video-card-rx-675xytbdp,1,5
//cdna.pcpartpicker.com/static/forever/images/product/f4cddf5d1800a09ed0b49516f4f810cc.256p.jpg,Sapphire PULSE,Radeon RX 6600 XT,8,1968,2593,Black / Red,240,545.11,https://es.pcpartpicker.com/product/PzXJ7P/sapphire-radeon-rx-6600-xt-8-gb-pulse-video-card-11309-03-20g,1,3
//cdna.pcpartpicker.com/static/forever/images/product/1d0031f602231118d3c6414fd84af5d9.256p.jpg,MSI N680GTX-PM2D2GD5,GeForce GTX 680,2,1006,,Black / Blue,270,547.74,https://es.pcpartpicker.com/product/dVNp99/msi-video-card-n680gtxpm2d2gd5,1,5
https://m.media-amazon.com/images/I/51ufTnVhMeL.jpg,Gigabyte GAMING OC,Radeon RX 6700 XT,12,2321,,Black / Silver,281,548.47,https://es.pcpartpicker.com/product/h7Tp99/gigabyte-radeon-rx-6700-xt-12-gb-gaming-oc-video-card-gv-r67xtgaming-oc-12gd,1,5
https://m.media-amazon.com/images/I/410gvYVbOKL.jpg,PNY UPRISING,GeForce RTX 3060 12GB,12,1320,,Black,259,554.48,https://es.pcpartpicker.com/product/nFddnQ/pny-geforce-rtx-3060-12-gb-uprising-video-card-vcg306012dfmpb,1,5
//cdna.pcpartpicker.com/static/forever/images/product/ba9788d8b4a7488dba6a1fcfc1c69f72.256p.jpg,Asus DUAL EVO Advanced,GeForce RTX 2060,6,1365,1725,Black,242,560.64,https://es.pcpartpicker.com/product/4RK2FT/asus-geforce-rtx-2060-6-gb-dual-evo-advanced-video-card-dual-rtx2060-a6g-evo,1,5
//cdna.pcpartpicker.com/static/forever/images/product/0ae47c28d0404ca3eeba497aa14323dc.256p.jpg,PowerColor Hellhound,Radeon RX 6700 XT,12,2321,2581,Black,305,561.67,https://es.pcpartpicker.com/product/cBhFf7/powercolor-radeon-rx-6700-xt-12-gb-hellhound-video-card-axrx-6700xt-12gbd6-3dhl,2,5
https://m.media-amazon.com/images/I/51J5hrmdEZL.jpg,Gigabyte GAMING OC PRO,Radeon RX 6600 XT,8,1968,2607,Black / Silver,282,571.06,https://es.pcpartpicker.com/product/BBxRsY/gigabyte-radeon-rx-6600-xt-8-gb-gaming-oc-pro-video-card-gv-r66xtgamingoc-pro-8gd,2,5
https://m.media-amazon.com/images/I/31OPFOFzgAL.jpg,EVGA XC GAMING,GeForce RTX 3060 Ti LHR,8,1410,1710,Black,202,587.9,https://es.pcpartpicker.com/product/jZFbt6/evga-geforce-rtx-3060-ti-lhr-8-gb-xc-gaming-video-card-08g-p5-3663-kl,3,4.7
//cdna.pcpartpicker.com/static/forever/images/product/d1b0911c3060c6d7c3e60447ac4b98fd.256p.jpg,AMD RADEON PRO WX 4100,Radeon Pro WX 4100,4,925,975,Blue,168,591,https://es.pcpartpicker.com/product/pVCrxr/amd-radeon-pro-wx-4100-4gb-video-card-radeon-pro-wx-4100,2,4.5
//cdna.pcpartpicker.com/static/forever/images/product/65b1fbe836c2a348a4ad818bbad36acd.256p.jpg,MSI VENTUS 3X OC,GeForce RTX 3060 Ti LHR,8,1410,1695,Black / Gray,316,595,https://es.pcpartpicker.com/product/89BG3C/msi-geforce-rtx-3060-ti-lhr-8-gb-ventus-3x-oc-video-card-geforce-rtx-3060-ti-ventus-3x-8g-oc-lhr,2,5
//cdna.pcpartpicker.com/static/forever/images/product/1dae85853cc1816bb6c9ad92ed75e200.256p.jpg,Gigabyte EAGLE,Radeon RX 6700 XT,12,2321,,Black,282,595.57,https://es.pcpartpicker.com/product/HWbTwP/gigabyte-radeon-rx-6700-xt-12-gb-eagle-video-card-gv-r67xteagle-12gd,5,4.4
//cdna.pcpartpicker.com/static/forever/images/product/3bd7a13def566685993d0e684f6ac38b.256p.jpg,HP C2J93AT,Quadro K2000,2,954,,Black / Green,202,598,https://es.pcpartpicker.com/product/vgDwrH/hp-video-card-c2j93at,1,4
//cdna.pcpartpicker.com/static/forever/images/product/b762defd0e0f09ca2f9ca411b1ac587b.256p.jpg,MSI GeForce RTX 3060 Ventus 2X 12G OC,GeForce RTX 3060 12GB,12,1320,1807,Black,235,599,https://es.pcpartpicker.com/product/n9rRsY/msi-geforce-rtx-3060-12-gb-ventus-2x-oc-video-card-rtx-3060-ventus-2x-12g,3,4.7
https://m.media-amazon.com/images/I/41xam8MFhtL.jpg,XFX Speedster QICK 308 Black,Radeon RX 6600 XT,8,2188,2607,Black,274,600.45,https://es.pcpartpicker.com/product/gP8bt6/xfx-radeon-rx-6600-xt-8-gb-speedster-qick-308-black-video-card-rx-66xt8lbdq,1,5
https://m.media-amazon.com/images/I/51wQm+NmuNL.jpg,MSI MECH 2X OC,Radeon RX 6700 XT,12,2321,,Black / Silver,247,600.54,https://es.pcpartpicker.com/product/9K4Ycf/msi-radeon-rx-6700-xt-12-gb-mech-2x-oc-video-card-radeon-rx-6700-xt-mech-2x-12g-oc,2,4.5
https://m.media-amazon.com/images/I/31Qfpn4jBbL.jpg,Zotac GAMING Twin Edge OC White Edition,GeForce RTX 3070 LHR,8,1500,1755,White,232,603.3,https://es.pcpartpicker.com/product/Ly92FT/zotac-geforce-rtx-3070-lhr-8-gb-gaming-twin-edge-oc-white-edition-video-card-zt-a30700j-10plhr,1,4
https://m.media-amazon.com/images/I/41Q1nFsF8hL.jpg,Gigabyte EAGLE OC,GeForce RTX 3070,8,1500,1770,Black / Silver,282,603.9,https://es.pcpartpicker.com/product/ktvqqs/gigabyte-geforce-rtx-3070-8-gb-eagle-oc-video-card-gv-n3070eagle-oc-8gd,3,4.7
//cdna.pcpartpicker.com/static/forever/images/product/b3815857371d7108b0e711b4c5a93065.256p.jpg,ASRock Radeon RX6700XT CLP 12GO,Radeon RX 6700 XT,12,2375,2620,Black,303,608,https://es.pcpartpicker.com/product/x9Gbt6/asrock-radeon-rx-6700-xt-12-gb-challenger-pro-oc-video-card-rx6700xt-clp-12go,2,4.5
//cdna.pcpartpicker.com/static/forever/images/product/24f2250843caa631f82d234bc781e9d0.256p.jpg,Zotac GAMING AMP,GeForce GTX 1660 SUPER,6,1530,1845,Black,210,614.99,https://es.pcpartpicker.com/product/sFZzK8/zotac-geforce-gtx-1660-super-6-gb-gaming-amp-video-card-zt-t16620d-10m,1,5
//cdna.pcpartpicker.com/static/forever/images/product/d9ffd0030b089992ccfcee8a7e2743cb.256p.jpg,Zotac Twin Edge OC,GeForce RTX 3060 Ti,8,1410,1695,Black,222,614.99,https://es.pcpartpicker.com/product/cr3mP6/zotac-geforce-rtx-3060-ti-8-gb-twin-edge-oc-video-card-zt-a30610h-10m,5,4.8
//cdna.pcpartpicker.com/static/forever/images/product/c05fe9a38fbef907f7bd457cf19d4048.256p.jpg,Gigabyte GAMING OC Rev 2.0,GeForce RTX 3070 LHR,8,1500,1815,Black,286,619.9,https://es.pcpartpicker.com/product/mLYmP6/gigabyte-geforce-rtx-3070-lhr-8-gb-gaming-oc-rev-20-video-card-gv-n3070gaming-oc-8gd-rev-20,5,4.8
//cdna.pcpartpicker.com/static/forever/images/product/614312aa4bbc12bc5642cf92e585f066.256p.jpg,Zotac GAMING Twin Edge OC,GeForce RTX 3070 LHR,8,1500,1755,Black,232,628.9,https://es.pcpartpicker.com/product/rMTp99/zotac-geforce-rtx-3070-lhr-8-gb-gaming-twin-edge-oc-video-card-zt-a30700h-10plhr,2,4.5
//cdna.pcpartpicker.com/static/forever/images/product/3b0584be48624cfabf7b27517fab5ef1.256p.jpg,ASRock Radeon RX6700XT CLD 12G,Radeon RX 6700 XT,12,2321,2581,Black,269,635.77,https://es.pcpartpicker.com/product/8HBG3C/asrock-radeon-rx-6700-xt-12-gb-challenger-d-video-card-rx6700xt-cld-12g,4,4.8
//cdna.pcpartpicker.com/static/forever/images/product/3d8eacc72623507fcd87816f2948adb2.256p.jpg,Gigabyte AORUS ELITE,Radeon RX 6750 XT,12,2150,2623,Black / Gray,296,636.33,https://es.pcpartpicker.com/product/9QQcCJ/gigabyte-radeon-rx-6750-xt-12-gb-aorus-elite-video-card-gv-r675xtaorus-e-12gd,1,5
//cdna.pcpartpicker.com/static/forever/images/product/85921789a5cc0126e18f8ec9a3f9d45c.256p.jpg,Asus ROG STRIX GAMING OC V2,GeForce RTX 3060 12GB,12,1320,1912,Black / Silver,300,641.37,https://es.pcpartpicker.com/product/JNddnQ/asus-geforce-rtx-3060-12-gb-rog-strix-gaming-oc-v2-video-card-rog-strix-rtx3060-o12g-v2-gaming,1,4
//cdna.pcpartpicker.com/static/forever/images/product/356a4bfb7890e41be5526936059441f8.256p.jpg,Asus TUF GAMING OC V2,GeForce RTX 3060 Ti LHR,8,1410,1785,Black,301,645,https://es.pcpartpicker.com/product/RVH7YJ/asus-geforce-rtx-3060-ti-lhr-8-gb-tuf-gaming-oc-v2-video-card-tuf-rtx3060ti-o8g-v2-gaming,4,4.8
//cdna.pcpartpicker.com/static/forever/images/product/b9aa85934b64bc7a07f1d4557ec25cac.256p.jpg,XFX Speedster QICK 319 BLACK,Radeon RX 6700 XT,12,2457,2622,Black,323,651.2,https://es.pcpartpicker.com/product/Q4stt6/xfx-radeon-rx-6700-xt-12-gb-speedster-qick-319-black-video-card-rx-67xtypbdp,5,4.6
//cdna.pcpartpicker.com/static/forever/images/product/a9d4e2a1d542e1a646bdadd38a50fe40.256p.jpg,Gigabyte GAMING OC PRO Rev 3.0,GeForce RTX 3060 Ti LHR,8,1410,1770,Black,281,651.89,https://es.pcpartpicker.com/product/rMD7YJ/gigabyte-geforce-rtx-3060-ti-lhr-8-gb-gaming-oc-pro-rev-30-video-card-gv-n306tgamingoc-pro-8gd-rev-30,1,5
//cdna.pcpartpicker.com/static/forever/images/product/e5891fcf1893855a4a8c76154e06220f.256p.jpg,Gigabyte GAMING OC,Radeon RX 6750 XT,12,2150,2623,Black / Gray,281,656.99,https://es.pcpartpicker.com/product/RbYmP6/gigabyte-radeon-rx-6750-xt-12-gb-gaming-oc-video-card-gv-r675xtgaming-oc-12gd,1,3
//cdna.pcpartpicker.com/static/forever/images/product/9815a3d8facbd2c78af7ad99826ed482.256p.jpg,Sapphire PULSE,Radeon RX 6700 XT,12,2321,2581,Black,260,668.78,https://es.pcpartpicker.com/product/xf92FT/sapphire-radeon-rx-6700-xt-12-gb-pulse-video-card-11306-02-20g,1,5
//cdna.pcpartpicker.com/static/forever/images/product/5b45af609237a557aa6a503c619ea6fa.256p.jpg,MSI VENTUS 2X OC,GeForce RTX 3070 LHR,8,1500,1755,Black,232,669,https://es.pcpartpicker.com/product/ZcFbt6/msi-geforce-rtx-3070-lhr-8-gb-ventus-2x-oc-video-card-rtx-3070-ventus-2x-8g-oc-lhr,2,5
//cdna.pcpartpicker.com/static/forever/images/product/3f4b603f4aa6851ded1692628087a028.256p.jpg,Palit GamingPro OC,GeForce RTX 3070 LHR,8,1500,1770,Black / Silver,294,675,https://es.pcpartpicker.com/product/ZQgFf7/palit-geforce-rtx-3070-lhr-8-gb-gamingpro-oc-video-card-ne63070s19p2-1041a,1,5
https://m.media-amazon.com/images/I/21abDMT8plL.jpg,MSI GeForce RTX 3070 Ventus 3X 8G OC LHR,GeForce RTX 3070 LHR,8,1500,1755,Black,305,679,https://es.pcpartpicker.com/product/cxNxFT/msi-geforce-rtx-3070-lhr-8-gb-ventus-3x-oc-video-card-rtx-3070-ventus-3x-8g-oc-lhr,1,4
//cdna.pcpartpicker.com/static/forever/images/product/1be3e7d09885de7f1eb2182fedb6e941.256p.jpg,PNY VCQM4000-PB,Quadro M4000,8,,,Black / Green,241,680.88,https://es.pcpartpicker.com/product/pskwrH/nvidia-video-card-vcqm4000pb,1,5
https://m.media-amazon.com/images/I/41dcZ8iDEkL.jpg,Zotac GAMING Trinity OC,GeForce RTX 3070 Ti,8,1575,1800,Black,318,682.8,https://es.pcpartpicker.com/product/JxPQzy/zotac-gaming-trinity-oc-geforce-rtx-3070-ti-8-gb-video-card-zt-a30710j-10p,1,5
https://m.media-amazon.com/images/I/41s0IIOuJoS.jpg,Gigabyte VISION OC Rev 2.0,GeForce RTX 3070 LHR,8,1500,1815,Silver / White,286,682.97,https://es.pcpartpicker.com/product/8ZH7YJ/gigabyte-vision-oc-rev-20-geforce-rtx-3070-lhr-8-gb-video-card-gv-n3070vision-oc-8gd-rev-20,8,4.6
//cdna.pcpartpicker.com/static/forever/images/product/c4f6f50680fe173c49ccac78d5d6482b.256p.jpg,XFX Speedster MERC 319 CORE,Radeon RX 6800 XT,16,1825,2250,Black / Silver,340,686,https://es.pcpartpicker.com/product/vKZ9TW/xfx-radeon-rx-6800-xt-16-gb-speedster-merc-319-core-video-card-rx-68xtalfd9,3,5
https://m.media-amazon.com/images/I/41B+s9o3+2L.jpg,PowerColor Red Devil,Radeon RX 6700 XT,12,2321,2622,Black,320,689.93,https://es.pcpartpicker.com/product/2kJgXL/powercolor-radeon-rx-6700-xt-12-gb-red-devil-video-card-axrx-6700xt-12gbd6-3dheoc,15,4.9
//cdna.pcpartpicker.com/static/forever/images/product/c0baa5e38661faf65c07262dbae2cbaf.256p.jpg,Gigabyte AORUS ELITE,GeForce RTX 3060 Ti,8,1410,1785,Black,296,692.16,https://es.pcpartpicker.com/product/pqpzK8/gigabyte-geforce-rtx-3060-ti-8-gb-aorus-elite-video-card-gv-n306taorus-e-8gd,5,5
https://m.media-amazon.com/images/I/41b3cd92VmS.jpg,PowerColor Red Devil,Radeon RX 6600 XT,8,1968,2607,Black,251,692.99,https://es.pcpartpicker.com/product/ZWytt6/powercolor-radeon-rx-6600-xt-8-gb-red-devil-video-card-axrx-6600xt-8gbd6-3dheoc,2,5
//cdna.pcpartpicker.com/static/forever/images/product/59685839c9c3087560a51f9257cb4b00.256p.jpg,Inno3D Twin X2,GeForce GTX 1660 Ti,6,1500,1770,Black,196,699.95,https://es.pcpartpicker.com/product/NQprxr/inno3d-geforce-gtx-1660-ti-6-gb-twin-x2-video-card-n166t2-06d6-1710va15,1,4
//cdna.pcpartpicker.com/static/forever/images/product/860fe8b0ef5553c115f06b70ee9d037f.256p.jpg,PNY VCQM2000-PB,Quadro M2000,4,872,1180,Black,168,703,https://es.pcpartpicker.com/product/27RFf7/pny-quadro-m2000-4gb-video-card-vcqm2000-pb,1,4
https://m.media-amazon.com/images/I/51cojKp-84L.jpg,EVGA FTW3 ULTRA GAMING,GeForce RTX 3060 Ti LHR,8,1410,1800,Black,285,716.9,https://es.pcpartpicker.com/product/zfhFf7/evga-geforce-rtx-3060-ti-lhr-8-gb-ftw3-ultra-gaming-video-card-08g-p5-3667-kl,6,5
https://images-na.ssl-images-amazon.com/images/I/51Jk4CJlDdL.jpg,Asus DUAL OC,GeForce RTX 3060 12GB,12,1320,,Black,200,720.29,https://es.pcpartpicker.com/product/6jcG3C/asus-geforce-rtx-3060-12-gb-dual-oc-video-card-dual-rtx3060-o12g,6,4.8
//cdna.pcpartpicker.com/static/forever/images/product/15000ca8684fd21b7e39ce2310d5ef45.256p.jpg,EVGA XC3 ULTRA GAMING iCX3,GeForce RTX 3070 LHR,8,1500,1770,Black,285,742.9,https://es.pcpartpicker.com/product/jKcG3C/evga-geforce-rtx-3070-lhr-8-gb-xc3-ultra-gaming-icx3-video-card-08g-p5-3755-kl,2,5
//cdna.pcpartpicker.com/static/forever/images/product/142f29a6ab0ce2019863d6bf22a64ace.256p.jpg,MSI GAMING X,GeForce RTX 3060 Ti LHR,8,1410,1770,Black / Gray,278,749.99,https://es.pcpartpicker.com/product/N6LFf7/msi-geforce-rtx-3060-ti-lhr-8-gb-gaming-x-video-card-geforce-rtx-3060-ti-gaming-x-8g-lhr,1,5
//cdna.pcpartpicker.com/static/forever/images/product/54a3e1c85bf5ad1aca705ff495d1485e.256p.jpg,PNY XLR8 Gaming REVEL EPIC-X RGB Dual Fan,GeForce RTX 3060 12GB,12,1320,,Black,247,752,https://es.pcpartpicker.com/product/ftJgXL/pny-geforce-rtx-3060-12-gb-xlr8-gaming-revel-epic-x-rgb-dual-fan-video-card-vcg306012dfxppb,3,4.7
https://m.media-amazon.com/images/I/51lRSKK5NCL.jpg,PowerColor Red Devil OC,Radeon RX 6800 XT,16,1825,2340,Black,320,752.25,https://es.pcpartpicker.com/product/9KJmP6/powercolor-radeon-rx-6800-xt-16-gb-red-devil-oc-video-card-axrx-6800xt-16gbd6-3dheoc,2,5
//cdna.pcpartpicker.com/static/forever/images/product/9f6c9782e41c55c79d2f295f2f9f9ba3.256p.jpg,EVGA XC BLACK GAMING,GeForce RTX 2070,8,1410,1620,Black,269,756.77,https://es.pcpartpicker.com/product/XNqBD3/evga-geforce-rtx-2070-8-gb-xc-black-gaming-video-card-08g-p4-2171-kr,1,5
//cdna.pcpartpicker.com/static/forever/images/product/a8cb9c45c0811900f1bf78d9ec87b975.256p.jpg,Gigabyte GAMING OC,GeForce RTX 3070 Ti,8,1575,1830,Black / Silver,320,759.11,https://es.pcpartpicker.com/product/wNpzK8/gigabyte-geforce-rtx-3070-ti-8-gb-gaming-oc-video-card-gv-n307tgaming-oc-8gd,10,4.5
https://images-eu.ssl-images-amazon.com/images/I/412DLYfPbVL.jpg,Palit GamingPro,GeForce RTX 3070 LHR,8,1500,1725,Black / Silver,294,769.86,https://es.pcpartpicker.com/product/73YQzy/palit-geforce-rtx-3070-lhr-8-gb-gamingpro-video-card-ne63070019p2-1041a,3,4.7
//cdna.pcpartpicker.com/static/forever/images/product/2270978db545fc416882d48b1c08a55a.256p.jpg,Sapphire NITRO+,Radeon RX 6750 XT,12,2150,2623,Silver / Black,310,770.92,https://es.pcpartpicker.com/product/js7G3C/sapphire-radeon-rx-6750-xt-12-gb-nitro-video-card-11318-01-20g,1,5
//cdna.pcpartpicker.com/static/forever/images/product/f7f529993e8d11c3661afa5c4361698f.256p.jpg,Gigabyte Vision OC,GeForce RTX 3070 Ti,8,1575,1830,White / Silver,320,777.79,https://es.pcpartpicker.com/product/MR4Ycf/gigabyte-geforce-rtx-3070-ti-8-gb-vision-oc-video-card-gv-n307tvision-oc-8gd,7,4.9
https://m.media-amazon.com/images/I/41u39BtEipS.jpg,Zotac Twin Edge,GeForce RTX 3060 Ti,8,1410,1665,Black,222,782.99,https://es.pcpartpicker.com/product/CcWBD3/zotac-geforce-rtx-3060-ti-8-gb-twin-edge-video-card-zt-a30610e-10m,5,4.2
https://m.media-amazon.com/images/I/31YdJjQxGTL.jpg,Asus ROG STRIX GAMING,GeForce RTX 3070 Ti,8,1575,,Black / Silver,318,783.9,https://es.pcpartpicker.com/product/v8Z9TW/asus-geforce-rtx-3070-ti-8-gb-rog-strix-gaming-video-card-rog-strix-rtx3070ti-8g-gaming,1,5
//cdna.pcpartpicker.com/static/forever/images/product/a5696f6fe616305680b4507653cf004c.256p.jpg,Asus ROG STRIX GAMING OC,Radeon RX 6700 XT,12,2321,,Black / Silver,322,786.5,https://es.pcpartpicker.com/product/8ZfnTW/asus-radeon-rx-6700-xt-12-gb-rog-strix-gaming-oc-video-card-rog-strix-rx6700xt-o12g-gaming,5,4.4
//cdna.pcpartpicker.com/static/forever/images/product/ebaaf34dfbc4c3f46253b5cb7d5cf84b.256p.jpg,PowerColor Red Dragon OC,Radeon RX 6800 XT,16,1825,2310,Black,310,786.7,https://es.pcpartpicker.com/product/R4tKHx/powercolor-radeon-rx-6800-xt-16-gb-red-dragon-oc-video-card-axrx-6800xt-16gbd6-3dhroc,2,4.5
//cdna.pcpartpicker.com/static/forever/images/product/dac0a423e293d98957670b9e46e997f1.256p.jpg,Gigabyte AORUS MASTER,GeForce RTX 3070 Ti,8,1575,1875,Black,324,788.8,https://es.pcpartpicker.com/product/DBvdnQ/gigabyte-geforce-rtx-3070-ti-8-gb-aorus-master-video-card-gv-n307taorus-m-8gd,12,5
https://m.media-amazon.com/images/I/41ejsAM-YlS.jpg,MSI VENTUS 3X OC,GeForce RTX 3070 Ti,8,1575,1800,Black / Silver,316,789.89,https://es.pcpartpicker.com/product/XTmmP6/msi-geforce-rtx-3070-ti-8-gb-ventus-3x-oc-video-card-geforce-rtx-3070-ti-ventus-3x-8g-oc,4,4.8
//cdna.pcpartpicker.com/static/forever/images/product/12f7029bf67b5b7a8fefffe134d0470d.256p.jpg,Asus ROG STRIX GAMING OC,GeForce RTX 3070 Ti,8,1575,,Black / Silver,318,791.9,https://es.pcpartpicker.com/product/XmLFf7/asus-geforce-rtx-3070-ti-8-gb-rog-strix-gaming-oc-video-card-rog-strix-rtx3070ti-o8g-gaming,6,4.7
//cdna.pcpartpicker.com/static/forever/images/product/b335aedca1f24322bcf56493a921d310.256p.jpg,MSI GAMING X,Radeon RX 6700 XT,12,2321,,Black / Silver,279,795.62,https://es.pcpartpicker.com/product/3RkWGX/msi-radeon-rx-6700-xt-12-gb-gaming-x-video-card-radeon-rx-6700-xt-gaming-x-12g,5,4.8
//cdna.pcpartpicker.com/static/forever/images/product/555e2fe39479910d9f9c3b188b679853.256p.jpg,Zotac GAMING AMP Holo,GeForce RTX 3070,8,1500,1785,Silver / Black,291,799,https://es.pcpartpicker.com/product/Q9Gbt6/zotac-geforce-rtx-3070-8-gb-gaming-amp-holo-video-card-zt-a30700f-10p,3,4.7
//cdna.pcpartpicker.com/static/forever/images/product/763f0e71322571521b5e55deabcdad0c.256p.jpg,Gigabyte Vision OC,GeForce RTX 3070,8,1500,1815,Silver,286,806.87,https://es.pcpartpicker.com/product/bgvqqs/gigabyte-geforce-rtx-3070-8-gb-vision-oc-video-card-gv-n3070visionoc-8gd,25,4.9
//cdna.pcpartpicker.com/static/forever/images/product/1cbff7478772da9c492ffc6ceb9277b4.256p.jpg,Gigabyte GAMING OC,GeForce RTX 3070,8,1500,1815,Black / Silver,286,806.87,https://es.pcpartpicker.com/product/2C7p99/gigabyte-geforce-rtx-3070-8-gb-gaming-oc-video-card-gv-n3070gaming-oc8gd,28,4.6
https://m.media-amazon.com/images/I/411nzxjTtfS.jpg,MSI VENTUS XS,GeForce GTX 1660 Ti,6,1500,1770,Black / White,204,807.15,https://es.pcpartpicker.com/product/9WHRsY/msi-geforce-gtx-1660-ti-6-gb-ventus-xs-video-card-gtx-1660-ti-ventus-xs-6g,2,5
//cdna.pcpartpicker.com/static/forever/images/product/d584b922277b83145ae93274ce7c8ca9.256p.jpg,Gigabyte GAMING OC PRO,GeForce RTX 3060 Ti,8,1410,1770,Black / Silver,286,812.16,https://es.pcpartpicker.com/product/2LhmP6/gigabyte-geforce-rtx-3060-ti-8-gb-gaming-oc-pro-video-card-gv-n306tgamingoc-pro-8gd,6,4.8
//cdna.pcpartpicker.com/static/forever/images/product/0494f4e94ea334306d4aaae9a0cc3d8c.256p.jpg,Asus TUF GAMING OC,GeForce RTX 3060 12GB,12,1320,,Black,301,812.19,https://es.pcpartpicker.com/product/jKZ9TW/asus-geforce-rtx-3060-12-gb-tuf-gaming-oc-video-card-tuf-rtx3060-o12g-gaming,14,4.9
//cdna.pcpartpicker.com/static/forever/images/product/0c5f0e5e6cd671133808843a5f9236bb.256p.jpg,EVGA FTW3 ULTRA GAMING iCX3,GeForce RTX 3070 LHR,8,1500,1815,Black,300,820.27,https://es.pcpartpicker.com/product/BjJgXL/evga-geforce-rtx-3070-lhr-8-gb-ftw3-ultra-gaming-icx3-video-card-08g-p5-3767-kl,2,5
//cdna.pcpartpicker.com/static/forever/images/product/95ec6de65002782cc0f09114c65ee374.256p.jpg,Asus TUF GAMING OC,GeForce RTX 3070 Ti,8,1575,1815,Black / Silver,300,820.36,https://es.pcpartpicker.com/product/CqPQzy/asus-geforce-rtx-3070-ti-8-gb-tuf-gaming-oc-video-card-tuf-rtx3070ti-o8g-gaming,12,4.9
//cdna.pcpartpicker.com/static/forever/images/product/d1fa5d2f54a52c839310898b193d16a5.256p.jpg,AMD RADEON PRO WX 7100,Radeon Pro WX 7100,8,900,1080,Blue,242,821,https://es.pcpartpicker.com/product/hYwqqs/amd-radeon-pro-wx-7100-8gb-video-card-radeon-pro-wx-7100,1,5
https://m.media-amazon.com/images/I/41sDxFU0WnL.jpg,Inno3D Twin X2 OC,GeForce RTX 3070 LHR,8,1500,1740,Black,240,835.63,https://es.pcpartpicker.com/product/MF3gXL/inno3d-geforce-rtx-3070-lhr-8-gb-twin-x2-oc-video-card-n30702-08d6x-171032lh,1,2
//cdna.pcpartpicker.com/static/forever/images/product/f8528eb1fbafd13cf245315342eda5af.256p.jpg,Zotac GAMING AMP Holo,GeForce RTX 3070 Ti,8,1575,1830,Black / Silver,317,843,https://es.pcpartpicker.com/product/tw3gXL/zotac-geforce-rtx-3070-ti-8-gb-gaming-amp-holo-video-card-zt-a30710f-10p,7,4.3
https://m.media-amazon.com/images/I/41JqH9P62yL.jpg,EVGA FTW3 ULTRA GAMING,GeForce RTX 3070,8,1500,1815,Black / Silver,300,853.65,https://es.pcpartpicker.com/product/mc9tt6/evga-geforce-rtx-3070-8-gb-ftw3-ultra-gaming-video-card-08g-p5-3767-kr,23,5
//cdna.pcpartpicker.com/static/forever/images/product/a60cc48ec2dcb0185fc6f3eae0a3b563.256p.jpg,Inno3D iChill X4,GeForce RTX 3070 Ti,8,1575,1830,Black / Silver,300,856.47,https://es.pcpartpicker.com/product/TsKKHx/inno3d-geforce-rtx-3070-ti-8-gb-ichill-x4-video-card-c307t4-086xx-1820va35,1,5
https://m.media-amazon.com/images/I/41GdFP4+-NS.jpg,Gigabyte AORUS MASTER Rev 2.0,GeForce RTX 3070 LHR,8,1500,1845,Black,290,862.56,https://es.pcpartpicker.com/product/V4jBD3/gigabyte-geforce-rtx-3070-lhr-8-gb-aorus-master-rev-20-video-card-gv-n3070aorus-m-8gd-rev-20,1,5
//cdna.pcpartpicker.com/static/forever/images/product/b4e7186069b19aa22d9deba41a6058e2.256p.jpg,Sapphire NITRO+,Radeon RX 6800,16,1700,,Black / Silver,310,862.99,https://es.pcpartpicker.com/product/RCjNnQ/sapphire-radeon-rx-6800-16-gb-nitro-video-card-11305-01-20g,2,4.5
//cdna.pcpartpicker.com/static/forever/images/product/d1fbf83d1f2869c05f48ebe870a5f9e4.256p.jpg,EVGA XC3 ULTRA GAMING,GeForce RTX 3070 Ti,8,1575,1815,Black,285,865.96,https://es.pcpartpicker.com/product/GtWzK8/evga-geforce-rtx-3070-ti-8-gb-xc3-ultra-gaming-video-card-08g-p5-3785-kl,5,4.6
https://m.media-amazon.com/images/I/413KJTCkkiS.jpg,Asus TUF-RX6800XT-O16G-GAMING,Radeon RX 6800 XT,16,1825,2340,Black,320,871.38,https://es.pcpartpicker.com/product/HY4BD3/asus-tuf-rx6800xt-o16g-gaming-radeon-rx-6800-xt-16-gb-video-card-tuf-rx6800xt-o16g-gaming,7,5
https://m.media-amazon.com/images/I/41mBRnB-DwL.jpg,Asus Turbo,GeForce RTX 2060,6,1365,1710,Black / Silver,268,889,https://es.pcpartpicker.com/product/dHHRsY/asus-geforce-rtx-2060-6-gb-turbo-video-card-turbo-rtx2060-6g,1,4
https://m.media-amazon.com/images/I/41D-YkcTJBS.jpg,PNY VCQK4200-PB,Quadro K4200,4,771,,Black / Silver,241,898,https://es.pcpartpicker.com/product/7DCwrH/pny-video-card-vcqk4200pb,1,5
https://m.media-amazon.com/images/I/410wgs6jSiL.jpg,MSI VENTUS 3X PLUS OC,GeForce RTX 3080 10GB LHR,10,1440,1740,Black,305,902.97,https://es.pcpartpicker.com/product/m3BG3C/msi-geforce-rtx-3080-lhr-10-gb-ventus-3x-plus-oc-video-card-geforce-rtx-3080-ventus-3x-plus-10g-oc-lhr,3,5
//cdna.pcpartpicker.com/static/forever/images/product/b2ef42b7e3e448c8ffad208b76e4b4a7.256p.jpg,Asus ROG STRIX GAMING OC V2,GeForce RTX 3070 LHR,8,1500,1935,Black / Silver,318,915,https://es.pcpartpicker.com/product/9KM48d/asus-geforce-rtx-3070-lhr-8-gb-rog-strix-gaming-oc-v2-video-card-rog-strix-rtx3070-o8g-v2-gaming,1,5
//cdna.pcpartpicker.com/static/forever/images/product/592bf393de94bb9cbf8fef04f6c74b13.256p.jpg,EVGA FTW3 ULTRA GAMING,GeForce RTX 3070 Ti,8,1575,1860,Black,300,920.21,https://es.pcpartpicker.com/product/M2rRsY/evga-geforce-rtx-3070-ti-8-gb-ftw3-ultra-gaming-video-card-08g-p5-3797-kl,28,4.8
//cdna.pcpartpicker.com/static/forever/images/product/a8cb9c45c0811900f1bf78d9ec87b975.256p.jpg,PNY XLR8 Gaming REVEL EPIC-X RGB,GeForce RTX 3080 10GB LHR,10,1440,1710,Silver / Black,294,926.58,https://es.pcpartpicker.com/product/8X7G3C/pny-xlr8-gaming-revel-epic-x-rgb-geforce-rtx-3080-10gb-lhr-10-gb-video-card-vcg308010ltfxppb,1,4
//cdna.pcpartpicker.com/static/forever/images/product/36144c5996b7d763f24bf774efc1153b.256p.jpg,Sapphire NITRO+ SE,Radeon RX 6800 XT,16,1825,,Black / Silver,310,933.63,https://es.pcpartpicker.com/product/7yJmP6/sapphire-radeon-rx-6800-xt-16-gb-nitro-se-video-card-11304-01-20g,1,5
https://m.media-amazon.com/images/I/41B5eF8rX0S.jpg,MSI GAMING X,GeForce RTX 2060 SUPER,8,1470,1695,Black / Silver,248,940,https://es.pcpartpicker.com/product/Wzyqqs/msi-geforce-rtx-2060-super-8-gb-gaming-x-video-card-rtx-2060-super-gaming-x,44,4.8
//cdna.pcpartpicker.com/static/forever/images/product/1469397331619aaea2468a234dc673ab.256p.jpg,MSI Radeon RX 6900 XT GAMING X TRIO 16G,Radeon RX 6900 XT,16,1825,2340,Silver / Black,324,947.9,https://es.pcpartpicker.com/product/gKnypg/msi-radeon-rx-6900-xt-16-gb-gaming-x-trio-video-card-rx-6900-xt-gaming-x-trio-16g,2,5
//cdna.pcpartpicker.com/static/forever/images/product/8e480b3c11aa94c46a3e95ee22f7d132.256p.jpg,PowerColor Red Devil Ultimate,Radeon RX 6900 XT,16,1825,2425,Black,320,949.78,https://es.pcpartpicker.com/product/pRgFf7/powercolor-radeon-rx-6900-xt-16-gb-red-devil-ultimate-video-card-axrx-6900xtu-16gbd6-3dheoc,5,5
//cdna.pcpartpicker.com/static/forever/images/product/2dcda18f90d0057a4a3ef1625a841c90.256p.jpg,ASRock Phantom Gaming D OC,Radeon RX 6800 XT,16,1825,,Black / Silver,330,952.94,https://es.pcpartpicker.com/product/XPjNnQ/asrock-radeon-rx-6800-xt-16-gb-phantom-gaming-d-oc-video-card-rx6800xt-pgd-16go,10,4.7
//cdna.pcpartpicker.com/static/forever/images/product/b5be99688b9beec0ee0437ea4810e239.256p.jpg,Asus TUF GAMING,GeForce RTX 3070 Ti,8,1575,1800,Black / Silver,300,986.4,https://es.pcpartpicker.com/product/Dfnypg/asus-geforce-rtx-3070-ti-8-gb-tuf-gaming-video-card-tuf-rtx3070ti-8g-gaming,1,4
//cdna.pcpartpicker.com/static/forever/images/product/ef7f384aa72bfb4f212ac0c9f8cca06b.256p.jpg,Asus TUF GAMING OC,Radeon RX 6900 XT,16,1825,2340,Black,320,989,https://es.pcpartpicker.com/product/LRNgXL/asus-radeon-rx-6900-xt-16-gb-tuf-gaming-oc-video-card-tuf-rx6900xt-o16g-gaming,4,5
//cdna.pcpartpicker.com/static/forever/images/product/d712db630de89c34dc8c068f42cf83b0.256p.jpg,MSI GAMING X TRIO,GeForce RTX 3070 Ti,8,1575,1830,Black / Silver,323,989.9,https://es.pcpartpicker.com/product/JjGbt6/msi-geforce-rtx-3070-ti-8-gb-gaming-x-trio-video-card-geforce-rtx-3070-ti-gaming-x-trio-8g,9,4.8
//cdna.pcpartpicker.com/static/forever/images/product/400829300d9b7ae3488f8b1664612e3f.256p.jpg,EVGA Superclocked,GeForce GTX 780 Ti,3,980,1046,Black / Silver,266,998,https://es.pcpartpicker.com/product/3GK7YJ/evga-video-card-03gp42883kr,32,5
//cdna.pcpartpicker.com/static/forever/images/product/cc01279fd806bdaef108882ee7e2c24a.256p.jpg,EVGA Superclocked,GeForce GTX 780,3,941,,Black / Silver,266,998,https://es.pcpartpicker.com/product/BtMFf7/evga-video-card-03gp42783kr,30,4.9
//cdna.pcpartpicker.com/static/forever/images/product/7ac69836ef5d79a6433836d954cfec23.256p.jpg,EVGA 03G-P4-2881-KR,GeForce GTX 780 Ti,3,875,928,Black / Silver,266,998,https://es.pcpartpicker.com/product/FLtCmG/evga-video-card-03gp42881kr,11,5
https://m.media-amazon.com/images/I/41ZbCUEHH5S.jpg,EVGA 03G-P4-2781-KR,GeForce GTX 780,3,863,,Black / Silver,266,998,https://es.pcpartpicker.com/product/jQphP6/evga-video-card-03gp42781kr,14,4.9
//cdna.pcpartpicker.com/static/forever/images/product/f619e1f2284e05bc9492a225a41cc497.256p.jpg,PNY XLR8 Gaming REVEL EPIC-X RGB,GeForce RTX 3070,8,1500,1725,Black / Silver,294,999,https://es.pcpartpicker.com/product/B3LwrH/pny-geforce-rtx-3070-8-gb-xlr8-gaming-revel-epic-x-rgb-video-card-vcg30708tfxppb,4,5
https://m.media-amazon.com/images/I/31CPVfoBTrL.jpg,Asus TUF GAMING OC V2,GeForce RTX 3080 10GB LHR,10,1440,1815,Black,300,1029.53,https://es.pcpartpicker.com/product/p3BG3C/asus-geforce-rtx-3080-lhr-10-gb-tuf-gaming-oc-v2-video-card-tuf-rtx3080-o10g-v2-gaming,2,5
https://m.media-amazon.com/images/I/41C1LAJyPLL.jpg,Sapphire PULSE,Radeon RX 6800,16,1700,,Black / Red,303,1033.06,https://es.pcpartpicker.com/product/FHwkcf/sapphire-radeon-rx-6800-16-gb-pulse-video-card-11305-02-20g,4,5
//cdna.pcpartpicker.com/static/forever/images/product/a58b5b67ee0c350cc70473346b2350ae.256p.jpg,Asus TUF GAMING OC,Radeon RX 6700 XT,12,2321,,Black,322,1054.39,https://es.pcpartpicker.com/product/mL2WGX/asus-radeon-rx-6700-xt-12-gb-tuf-gaming-oc-video-card-tuf-rx6700xt-o12g-gaming,2,5
//cdna.pcpartpicker.com/static/forever/images/product/5a0f8a65329f7778b222b5c56da43bc8.256p.jpg,PNY VCQRTX4000-PB,Quadro RTX 4000,8,1005,1545,Silver / Black,267,1060.29,https://es.pcpartpicker.com/product/k866Mp/pny-quadro-rtx-4000-8-gb-video-card-vcqrtx4000-pb,3,4.7
https://m.media-amazon.com/images/I/41RUDRIAYoS.jpg,Gigabyte AORUS MASTER,GeForce RTX 3070,8,1500,1845,Black,290,1071.48,https://es.pcpartpicker.com/product/dVxbt6/gigabyte-geforce-rtx-3070-8-gb-aorus-master-video-card-gv-n3070aorus-m-8gd,15,4.9
//cdna.pcpartpicker.com/static/forever/images/product/293f0a08d502d6c851a9bf8dab23b8ef.256p.jpg,Gigabyte GAMING OC,Radeon RX 6800,16,1815,2155,Silver / Black,286,1072,https://es.pcpartpicker.com/product/Nw9tt6/gigabyte-radeon-rx-6800-16-gb-gaming-oc-video-card-gv-r68gaming-oc-16gd,2,5
//cdna.pcpartpicker.com/static/forever/images/product/a683ec690989f745fa3bd1494a384bd6.256p.jpg,XFX Speedster SWFT 210,Radeon RX 6600 XT,8,2092,2589,Black,241,1081.67,https://es.pcpartpicker.com/product/tWJgXL/xfx-radeon-rx-6600-xt-8-gb-speedster-swft-210-video-card-rx-66xt8dfdq,5,3.8
