img_src,name,socket,size,memory_max_GB,memory_slots,color,price,link,rating_number,rating
//cdna.pcpartpicker.com/static/forever/images/product/b6a544cdc9c56b5b1fa513b7c1dc08fc.256p.jpg,Asus ROG MAXIMUS Z690 FORMULA,LGA1700,ATX,128,4,Silver / Black,853.38,https://es.pcpartpicker.com/product/cKGbt6/asus-rog-maximus-z690-formula-atx-lga1700-motherboard-rog-maximus-z690-formula,2,5
//cdna.pcpartpicker.com/static/forever/images/product/cfafbb7054d4f2f64abf934f6a113552.256p.jpg,Asus ROG Crosshair VIII Extreme,AM4,EATX,128,4,Black,769.95,https://es.pcpartpicker.com/product/qKNxFT/asus-rog-crosshair-viii-extreme-eatx-am4-motherboard-rog-crosshair-viii-extreme,3,5
//cdna.pcpartpicker.com/static/forever/images/product/c2d25873f2d7424f159c1f45e5baf953.256p.jpg,Asus ROG MAXIMUS XII EXTREME,LGA1200,EATX,128,4,Black,768.88,https://es.pcpartpicker.com/product/trXYcf/asus-rog-maximus-xii-extreme-eatx-lga1200-motherboard-rog-maximus-xii-extreme,3,5
//cdna.pcpartpicker.com/static/forever/images/product/05e4de174a09d66930ef0706d0cec194.256p.jpg,Asus ROG MAXIMUS Z790 HERO,LGA1700,ATX,128,4,Black,749,https://es.pcpartpicker.com/product/LYM48d/asus-rog-maximus-z790-hero-atx-lga1700-motherboard-rog-maximus-z790-hero,2,4.5
//cdna.pcpartpicker.com/static/forever/images/product/36590754ecaedc708cd647160af63d72.256p.jpg,MSI MPG Z790 CARBON WIFI,LGA1700,ATX,128,4,Black,654,https://es.pcpartpicker.com/product/YhVmP6/msi-mpg-z790-carbon-wifi-atx-lga1700-motherboard-mpg-z790-carbon-wifi,2,5
//cdna.pcpartpicker.com/static/forever/images/product/200641bc77489636f9c30d0b09f5c041.256p.jpg,Asus ROG MAXIMUS XII FORMULA,LGA1200,ATX,128,4,Black,632.67,https://es.pcpartpicker.com/product/P9pmP6/asus-rog-maximus-xii-formula-atx-lga1200-motherboard-rog-maximus-xii-formula,7,5
//cdna.pcpartpicker.com/static/forever/images/product/f1f3e8915b51712fbf04073c3ee4f581.256p.jpg,MSI MEG Z490 GODLIKE,LGA1200,EATX,128,4,Black / Silver,622.8,https://es.pcpartpicker.com/product/BLK2FT/msi-meg-z490-godlike-eatx-lga1200-motherboard-meg-z490-godlike,2,4.5
//cdna.pcpartpicker.com/static/forever/images/product/1a155076718d51342d45b49f293ee0db.256p.jpg,Asus ROG MAXIMUS Z690 HERO,LGA1700,ATX,128,4,Black / Silver,593.95,https://es.pcpartpicker.com/product/ChBG3C/asus-rog-maximus-z690-hero-atx-lga1700-motherboard-rog-maximus-z690-hero,2,5
//cdna.pcpartpicker.com/static/forever/images/product/b2ce3da746dac3dba9777c33face2037.256p.jpg,Gigabyte GA-X99-Designare EX,LGA2011-3,ATX,128,8,White / Blue,584.52,https://es.pcpartpicker.com/product/wtnG3C/gigabyte-ga-x99-designare-ex-atx-lga2011-3-motherboard-ga-x99-designare-ex,5,4.8
//cdna.pcpartpicker.com/static/forever/images/product/89dd60ce355219a8f404557ef3be21ed.256p.jpg,Gigabyte Z690 AERO G DDR4,LGA1700,ATX,128,4,Black / Silver,583.99,https://es.pcpartpicker.com/product/pLjBD3/gigabyte-z690-aero-g-ddr4-atx-lga1700-motherboard-z690-aero-g-ddr4,4,4.2
//cdna.pcpartpicker.com/static/forever/images/product/1ed55ce09a637fe4bcd65c013a2b7706.256p.jpg,Asus ROG Crosshair VIII Formula,AM4,ATX,128,4,Black,550.19,https://es.pcpartpicker.com/product/ykLwrH/asus-rog-crosshair-viii-formula-atx-am4-motherboard-rog-crosshair-viii-formula,5,4.8
//cdna.pcpartpicker.com/static/forever/images/product/8100048645e67c23f99513b75d01a17c.256p.jpg,Asus ROG MAXIMUS XIII HERO,LGA1200,ATX,128,4,Black,543.99,https://es.pcpartpicker.com/product/KJVmP6/asus-rog-maximus-xiii-hero-atx-lga1200-motherboard-rog-maximus-xiii-hero,2,5
//cdna.pcpartpicker.com/static/forever/images/product/0262d145d764aadb9c60889ad23605ac.256p.jpg,Gigabyte TRX40 AORUS MASTER,sTRX4,EATX,256,8,Black / Silver,535.54,https://es.pcpartpicker.com/product/69848d/gigabyte-trx40-aorus-master-eatx-strx4-motherboard-trx40-aorus-master,4,4.2
//cdna.pcpartpicker.com/static/forever/images/product/585ed44aad3928449cdc1dfdd2b1f4ac.256p.jpg,MSI MPG Z690 CARBON WIFI,LGA1700,ATX,128,4,Black / Silver,531.6,https://es.pcpartpicker.com/product/g7Z9TW/msi-mpg-z690-carbon-wifi-atx-lga1700-motherboard-mpg-z690-carbon-wifi,2,5
//cdna.pcpartpicker.com/static/forever/images/product/f0822da608e4c52de59136ccab83d2b0.256p.jpg,Asus ProArt X670E-CREATOR WIFI,AM5,ATX,128,4,Black / Copper,523.65,https://es.pcpartpicker.com/product/mR2WGX/asus-proart-x670e-creator-wifi-atx-am5-motherboard-proart-x670e-creator-wifi,2,4.5
https://m.media-amazon.com/images/I/415gDmtLY0L.jpg,Asus ROG STRIX Z690-E GAMING WIFI,LGA1700,ATX,128,4,Black,519.75,https://es.pcpartpicker.com/product/MNWzK8/asus-rog-strix-z690-e-gaming-wifi-atx-lga1700-motherboard-rog-strix-z690-e-gaming-wifi,8,4.9
//cdna.pcpartpicker.com/static/forever/images/product/2a6409322117a6b2e5a7c8f788799754.256p.jpg,MSI MEG X570S ACE MAX,AM4,ATX,128,4,Black,519.32,https://es.pcpartpicker.com/product/8GVmP6/msi-meg-x570s-ace-max-atx-am4-motherboard-meg-x570s-ace-max,2,5
//cdna.pcpartpicker.com/static/forever/images/product/ea41140e6443430b9d3072b2307a20e1.256p.jpg,Gigabyte Z690 AORUS MASTER,LGA1700,EATX,128,4,Black,500.2,https://es.pcpartpicker.com/product/tyytt6/gigabyte-z690-aorus-master-eatx-lga1700-motherboard-z690-aorus-master,5,4.6
//cdna.pcpartpicker.com/static/forever/images/product/714cd45dccc6131a2421da263288ff95.256p.jpg,MSI MPG Z790I EDGE WIFI,LGA1700,Mini ITX,64,2,Silver / Black,500,https://es.pcpartpicker.com/product/mB2WGX/msi-mpg-z790i-edge-wifi-mini-itx-lga1700-motherboard-mpg-z790i-edge-wifi,2,3
//cdna.pcpartpicker.com/static/forever/images/product/4776555bd90ed817bdfa00fc78ae3043.256p.jpg,MSI MAG Z790 TOMAHAWK WIFI,LGA1700,ATX,128,4,Black,489.67,https://es.pcpartpicker.com/product/9B2WGX/msi-mag-z790-tomahawk-wifi-atx-lga1700-motherboard-mag-z790-tomahawk-wifi,2,5
//cdna.pcpartpicker.com/static/forever/images/product/ade629aca97afd75d7ec812fbc126daa.256p.jpg,Asus ProArt X570-CREATOR WIFI,AM4,ATX,128,4,Black,473.12,https://es.pcpartpicker.com/product/8y8bt6/asus-proart-x570-creator-wifi-atx-am4-motherboard-proart-x570-creator-wifi,3,4.7
//cdna.pcpartpicker.com/static/forever/images/product/9b0c678ccf7522e6ad454d3976a2e174.256p.jpg,Asus ROG Crosshair VIII Hero (WI-FI),AM4,ATX,128,4,Black,470.1,https://es.pcpartpicker.com/product/GcfFf7/asus-rog-crosshair-viii-hero-wi-fi-atx-am4-motherboard-rog-crosshair-viii-hero-wi-fi,39,4.5
//cdna.pcpartpicker.com/static/forever/images/product/31140f5436a0a0a255c3ad661944f07d.256p.jpg,MSI MEG B550 UNIFY-X,AM4,ATX,64,2,Black,470,https://es.pcpartpicker.com/product/LwGnTW/msi-meg-b550-unify-x-atx-am4-motherboard-meg-b550-unify-x,3,5
//cdna.pcpartpicker.com/static/forever/images/product/305b48437756c6d0b5443d4cddd0d019.256p.jpg,ASRock X399M Taichi,sTR4,Micro ATX,64,4,Black,459.37,https://es.pcpartpicker.com/product/X2kj4D/asrock-x399m-taichi-micro-atx-tr4-motherboard-x399m-taichi,4,5
//cdna.pcpartpicker.com/static/forever/images/product/492ec8e6be27848f7e5128099cd13489.256p.jpg,Asus ROG STRIX Z490-I GAMING,LGA1200,Mini ITX,64,2,Black,459,https://es.pcpartpicker.com/product/ncPgXL/asus-rog-strix-z490-i-gaming-mini-itx-lga1200-motherboard-rog-strix-z490-i-gaming,9,4.3
//cdna.pcpartpicker.com/static/forever/images/product/1ba24bfcac3647fb9e04f747d06cd999.256p.jpg,MSI MPG Z690 FORCE WIFI,LGA1700,ATX,128,4,Silver / Black,446.54,https://es.pcpartpicker.com/product/JLjBD3/msi-mpg-z690-force-wifi-atx-lga1700-motherboard-mpg-z690-force-wifi,3,4.7
//cdna.pcpartpicker.com/static/forever/images/product/79d3e1321b69d90d179d741c40b1fde1.256p.jpg,Asus ROG STRIX X670E-A GAMING WIFI,AM5,ATX,128,4,Silver / Black,429.79,https://es.pcpartpicker.com/product/rPRYcf/asus-rog-strix-x670e-a-gaming-wifi-atx-am5-motherboard-rog-strix-x670e-a-gaming-wifi,3,3.7
//cdna.pcpartpicker.com/static/forever/images/product/9d4667a9947754e1451e3832ee031490.256p.jpg,MSI MEG Z590I UNIFY,LGA1200,Mini ITX,64,2,Black,417.3,https://es.pcpartpicker.com/product/Dhytt6/msi-meg-z590i-unify-mini-itx-lga1200-motherboard-meg-z590i-unify,2,4.5
//cdna.pcpartpicker.com/static/forever/images/product/2df814ba2689b57e85f7f46b634f073e.256p.jpg,Asus ROG Crosshair VIII Dark Hero,AM4,ATX,128,4,Black / Silver,415.99,https://es.pcpartpicker.com/product/GyGnTW/asus-rog-crosshair-viii-dark-hero-atx-am4-motherboard-rog-crosshair-viii-dark-hero,45,4.9
//cdna.pcpartpicker.com/static/forever/images/product/83512363851c2b140f4d6a517ffb24f3.256p.jpg,Asus ROG STRIX Z690-F GAMING WIFI,LGA1700,ATX,128,4,Black / Silver,410.18,https://es.pcpartpicker.com/product/wQBG3C/asus-rog-strix-z690-f-gaming-wifi-atx-lga1700-motherboard-rog-strix-z690-f-gaming-wifi,2,4.5
//cdna.pcpartpicker.com/static/forever/images/product/cecf707cb59521400fc68f887de78eb0.256p.jpg,Asus ROG STRIX Z490-E GAMING,LGA1200,ATX,128,4,Black,409.41,https://es.pcpartpicker.com/product/J9PgXL/asus-rog-strix-z490-e-gaming-atx-lga1200-motherboard-rog-strix-z490-e-gaming,40,4.7
//cdna.pcpartpicker.com/static/forever/images/product/53c70fcbb989c7288620bd1220284d18.256p.jpg,MSI MEG Z490 UNIFY,LGA1200,ATX,128,4,Black / Silver,404.54,https://es.pcpartpicker.com/product/gW7p99/msi-meg-z490-unify-atx-lga1200-motherboard-meg-z490-unify,6,4.8
//cdna.pcpartpicker.com/static/forever/images/product/0a58e22b78e6d649ab26b5fe3d2045e3.256p.jpg,MSI MPG Z690 EDGE WIFI,LGA1700,ATX,128,4,,404.06,https://es.pcpartpicker.com/product/9nFbt6/msi-mpg-z690-edge-wifi-atx-lga1700-motherboard-mpg-z690-edge-wifi,3,4.3
//cdna.pcpartpicker.com/static/forever/images/product/272449e0e71f2c7277319fde80aeebe5.256p.jpg,Gigabyte B660M AORUS Pro AX DDR4,LGA1700,Micro ATX,128,4,Black,399.99,https://es.pcpartpicker.com/product/6ft9TW/gigabyte-b660m-aorus-pro-ax-ddr4-micro-atx-lga1700-motherboard-b660m-aorus-pro-ax-ddr4,3,3.7
//cdna.pcpartpicker.com/static/forever/images/product/e63a636be0dce3cb2410f210c10f63ae.256p.jpg,Gigabyte B660M GAMING X AX DDR4,LGA1700,Micro ATX,128,4,Black,398.99,https://es.pcpartpicker.com/product/DvC48d/gigabyte-b660m-gaming-x-ax-ddr4-micro-atx-lga1700-motherboard-b660m-gaming-x-ax-ddr4,2,5
//cdna.pcpartpicker.com/static/forever/images/product/9397f3c0f9828c4f441a3b9b0a2ca914.256p.jpg,ASRock X670E Steel Legend,AM5,ATX,128,4,Black / White,395.87,https://es.pcpartpicker.com/product/CtPQzy/asrock-x670e-steel-legend-atx-am5-motherboard-x670e-steel-legend,2,5
//cdna.pcpartpicker.com/static/forever/images/product/a43cfe6b3deca519ea05604568cb0b4b.256p.jpg,ASRock X570 Taichi,AM4,ATX,128,4,Black / Silver,392.93,https://es.pcpartpicker.com/product/pbvqqs/asrock-x570-taichi-atx-am4-motherboard-x570-taichi,25,4.4
//cdna.pcpartpicker.com/static/forever/images/product/2aba8a9a8ab9f0685f137318489fccf6.256p.jpg,MSI MEG Z490I UNIFY,LGA1200,Mini ITX,64,2,Black / Silver,389.99,https://es.pcpartpicker.com/product/tT3mP6/msi-meg-z490i-unify-mini-itx-lga1200-motherboard-meg-z490i-unify,6,4.7
https://m.media-amazon.com/images/I/41IdNhRtvsL.jpg,Asus ROG STRIX Z690-I GAMING WIFI,LGA1700,Mini ITX,64,2,Black / Silver,386.06,https://es.pcpartpicker.com/product/yzWzK8/asus-rog-strix-z690-i-gaming-wifi-mini-itx-lga1700-motherboard-rog-strix-z690-i-gaming-wifi,6,4.5
//cdna.pcpartpicker.com/static/forever/images/product/94681a92c6fd144abcf99ad8b65b25db.256p.jpg,Gigabyte Z490 AORUS ULTRA,LGA1200,ATX,128,4,Black / Silver,368.7,https://es.pcpartpicker.com/product/cHLwrH/gigabyte-z490-aorus-ultra-atx-lga1200-motherboard-z490-aorus-ultra,3,4.3
//cdna.pcpartpicker.com/static/forever/images/product/e9ca40040bf3b820315f0c355fb0c623.256p.jpg,Gigabyte Z690 AORUS PRO,LGA1700,ATX,128,4,Black,363.99,https://es.pcpartpicker.com/product/gyytt6/gigabyte-z690-aorus-pro-atx-lga1700-motherboard-z690-aorus-pro,6,4.7
//cdna.pcpartpicker.com/static/forever/images/product/cb4e876cae7731cf99bec692e4722f08.256p.jpg,Asus ROG STRIX Z490-A GAMING,LGA1200,ATX,128,4,Black / Silver,358.15,https://es.pcpartpicker.com/product/N3MTwP/asus-rog-strix-z490-a-gaming-atx-lga1200-motherboard-rog-strix-z490-a-gaming,6,4.8
//cdna.pcpartpicker.com/static/forever/images/product/76e7c8c0e2dc42ca53d84ae41585dd5f.256p.jpg,ASRock X470 Taichi Ultimate,AM4,ATX,64,4,Silver / Black,356.06,https://es.pcpartpicker.com/product/LkWfrH/asrock-x470-taichi-ultimate-atx-am4-motherboard-x470-taichi-ultimate,3,3.3
//cdna.pcpartpicker.com/static/forever/images/product/ac3a77e0e11d610407a9ef39970b00d7.256p.jpg,Gigabyte X670 AORUS ELITE AX (rev. 1.0),AM5,ATX,128,4,Black,354.82,https://es.pcpartpicker.com/product/m7mmP6/gigabyte-x670-aorus-elite-ax-rev-10-atx-am5-motherboard-x670-aorus-elite-ax-rev-10,4,4
https://m.media-amazon.com/images/I/41h6pPmdmPL.jpg,Gigabyte X570 AORUS PRO,AM4,ATX,128,4,Black / Silver,354,https://es.pcpartpicker.com/product/fHxbt6/gigabyte-x570-aorus-pro-atx-am4-motherboard-x570-aorus-pro,7,4.7
//cdna.pcpartpicker.com/static/forever/images/product/9272c6b3390c5ae9d4aecfee85bb45fa.256p.jpg,Asus Pro WS X570-ACE,AM4,ATX,128,4,Black,353.9,https://es.pcpartpicker.com/product/n7PgXL/asus-pro-ws-x570-ace-atx-am4-motherboard-pro-ws-x570-ace,5,3.8
//cdna.pcpartpicker.com/static/forever/images/product/ba4a0d90db4bc09042fcd2b86d4182ce.256p.jpg,Asus Z590 WIFI GUNDAM EDITION,LGA1200,ATX,128,4,Black / White,352.05,https://es.pcpartpicker.com/product/FfmmP6/asus-z590-wifi-gundam-edition-atx-lga1200-motherboard-z590-wifi-gundam-edition,2,5
//cdna.pcpartpicker.com/static/forever/images/product/8e75b0858ab998bd0664f5fb1912c9a0.256p.jpg,Asus ROG Strix X570-I Gaming,AM4,Mini ITX,64,2,Black,351.62,https://es.pcpartpicker.com/product/NqsnTW/asus-rog-strix-x570-i-gaming-mini-itx-am4-motherboard-rog-strix-x570-i-gaming,63,4.5
//cdna.pcpartpicker.com/static/forever/images/product/98ff551c0d220f3b6dcf9518649911d7.256p.jpg,MSI MAG Z690 TOMAHAWK WIFI,LGA1700,ATX,128,4,Black / Silver,350.48,https://es.pcpartpicker.com/product/nk8bt6/msi-mag-z690-tomahawk-wifi-atx-lga1700-motherboard-mag-z690-tomahawk-wifi,4,4.5
https://m.media-amazon.com/images/I/51VrAy4J9BL.jpg,Asus TUF GAMING X670E-PLUS WIFI,AM5,ATX,128,4,Black / Orange,349.9,https://es.pcpartpicker.com/product/8yjBD3/asus-tuf-gaming-x670e-plus-wifi-atx-am5-motherboard-tuf-gaming-x670e-plus-wifi,3,4.7
//cdna.pcpartpicker.com/static/forever/images/product/ba20600286bf8f74ce71df37ed8aef65.256p.jpg,Gigabyte Z790 AORUS ELITE AX,LGA1700,ATX,128,4,Black,345.93,https://es.pcpartpicker.com/product/T2H7YJ/gigabyte-z790-aorus-elite-ax-atx-lga1700-motherboard-z790-aorus-elite-ax,2,5
https://m.media-amazon.com/images/I/51JyFicHtaL.jpg,ASRock B550 Taichi Razer Edition,AM4,ATX,128,4,Black / Silver,345.9,https://es.pcpartpicker.com/product/3qDkcf/asrock-b550-taichi-razer-edition-atx-am4-motherboard-b550-taichi-razer-edition,3,4.7
//cdna.pcpartpicker.com/static/forever/images/product/eab5fc15cc9e87e6fd34515796ab8bd0.256p.jpg,Asus ROG STRIX Z590-I GAMING WIFI,LGA1200,Mini ITX,64,2,Black,342.4,https://es.pcpartpicker.com/product/Hf8bt6/asus-rog-strix-z590-i-gaming-wifi-mini-itx-lga1200-motherboard-rog-strix-z590-i-gaming-wifi,5,4.8
//cdna.pcpartpicker.com/static/forever/images/product/3fae37f7a08636c4a4c203a47ef30bf3.256p.jpg,ASRock H570M-ITX/ac,LGA1200,Mini ITX,64,2,Silver / Black,341.51,https://es.pcpartpicker.com/product/J7WzK8/asrock-h570m-itxac-mini-itx-lga1200-motherboard-h570m-itxac,2,4.5
//cdna.pcpartpicker.com/static/forever/images/product/3c80a7748098d6f9e23edf27f2d824e2.256p.jpg,ASRock B550 Taichi,AM4,ATX,128,4,Gold / Black,335.88,https://es.pcpartpicker.com/product/jKLwrH/asrock-b550-taichi-atx-am4-motherboard-b550-taichi,4,4.2
//cdna.pcpartpicker.com/static/forever/images/product/b06a90d7ec5a485121a21751cdc3d9b9.256p.jpg,Asus PRIME X570-PRO,AM4,ATX,128,4,Black / White,333.01,https://es.pcpartpicker.com/product/DxrYcf/asus-prime-x570-pro-atx-am4-motherboard-prime-x570-pro,52,4.5
//cdna.pcpartpicker.com/static/forever/images/product/dba3458db505e33cff64c70961c85e68.256p.jpg,Gigabyte Z690 AERO G,LGA1700,ATX,128,4,Black / Silver,330.35,https://es.pcpartpicker.com/product/P6PQzy/gigabyte-z690-aero-g-atx-lga1700-motherboard-z690-aero-g,2,5
//cdna.pcpartpicker.com/static/forever/images/product/21874513b1f1355721b9f82ebc72e2bf.256p.jpg,Asus Strix B550-XE Gaming WiFi,AM4,ATX,128,4,Black,319.88,https://es.pcpartpicker.com/product/zfMTwP/asus-strix-b550-xe-gaming-wifi-atx-am4-motherboard-strix-b550-xe-gaming-wifi,3,4.3
//cdna.pcpartpicker.com/static/forever/images/product/26c7bbab7b32ae78c245e9fc475a1a7a.256p.jpg,Asus ROG STRIX Z590-A GAMING WIFI,LGA1200,ATX,128,4,Silver / Black,317.45,https://es.pcpartpicker.com/product/pjcG3C/asus-rog-strix-z590-a-gaming-wifi-atx-lga1200-motherboard-rog-strix-z590-a-gaming-wifi,5,4.4
//cdna.pcpartpicker.com/static/forever/images/product/eef1bae4401bde37b0b7b0b6eee74ad3.256p.jpg,ASRock X99 Taichi,LGA2011-3,ATX,128,8,Black / White,315.41,https://es.pcpartpicker.com/product/FGPzK8/asrock-x99-taichi-atx-lga2011-3-motherboard-x99-taichi,5,4.6
//cdna.pcpartpicker.com/static/forever/images/product/8b092c216f7b1772a030e2fbd8de02a8.256p.jpg,Asus WS C246 PRO,LGA1151,ATX,64,4,Black / Silver,315.38,https://es.pcpartpicker.com/product/7KQG3C/asus-ws-c246-pro-atx-lga1151-motherboard-ws-c246-pro,2,5
https://images-na.ssl-images-amazon.com/images/I/61KaskM3IvL.jpg,MSI H170I Pro AC,LGA1151,Mini ITX,32,2,Black / White,315,https://es.pcpartpicker.com/product/gQ648d/msi-motherboard-h170iproac,4,4.5
//cdna.pcpartpicker.com/static/forever/images/product/5242ce48db07728c3e99ee5d821d4e3e.256p.jpg,MSI MPG Z590 GAMING FORCE,LGA1200,ATX,128,4,Black,314.89,https://es.pcpartpicker.com/product/cNQcCJ/msi-mpg-z590-gaming-force-atx-lga1200-motherboard-mpg-z590-gaming-force,3,4.3
//cdna.pcpartpicker.com/static/forever/images/product/cf20560e7e4a9e474fcb4c88238e4ffd.256p.jpg,MSI MAG B550 TOMAHAWK MAX WIFI,AM4,ATX,128,4,Silver / Black,309.98,https://es.pcpartpicker.com/product/MfZ9TW/msi-mag-b550-tomahawk-max-wifi-atx-am4-motherboard-mag-b550-tomahawk-max-wifi,5,4.8
//cdna.pcpartpicker.com/static/forever/images/product/c7bf181c3c8bfed7474232be75a1325b.256p.jpg,Gigabyte X570S AERO G,AM4,ATX,128,4,Black / White,309,https://es.pcpartpicker.com/product/f7pzK8/gigabyte-x570s-aero-g-atx-am4-motherboard-x570s-aero-g,4,4.5
//cdna.pcpartpicker.com/static/forever/images/product/3f9d9810e5da7dccec1e35cc3f83bdfb.256p.jpg,Gigabyte Z490 AORUS ELITE,LGA1200,ATX,128,4,Black / Silver,307.66,https://es.pcpartpicker.com/product/wgNgXL/gigabyte-z490-aorus-elite-atx-lga1200-motherboard-z490-aorus-elite,2,4.5
https://m.media-amazon.com/images/I/51H4YGEdH+L.jpg,MSI X299 RAIDER,LGA2066,ATX,128,8,Black / Silver,305.8,https://es.pcpartpicker.com/product/Bp648d/msi-x299-raider-atx-lga2066-motherboard-x299-raider,3,4.7
//cdna.pcpartpicker.com/static/forever/images/product/7d9f6150d4458e8b5e0eb8200817c963.256p.jpg,ASRock Z790M-ITX WIFI,LGA1700,Mini ITX,64,2,Black,302.32,https://es.pcpartpicker.com/product/vYM48d/asrock-z790m-itx-wifi-mini-itx-lga1700-motherboard-z790m-itx-wifi,2,5
//cdna.pcpartpicker.com/static/forever/images/product/8c900f476f493ac6c83b3ffc5c35500c.256p.jpg,ASRock Fatal1ty X370 Professional Gaming,AM4,ATX,64,4,Black / Red,301.08,https://es.pcpartpicker.com/product/GMQRsY/asrock-fatal1ty-x370-professional-gaming-atx-am4-motherboard-fatal1ty-x370-professional-gaming,2,5
//cdna.pcpartpicker.com/static/forever/images/product/ab5f3ec82862abac7ef258dae5b1b918.256p.jpg,NZXT N7-Z69XT-W1,LGA1700,ATX,128,4,White / Black,299.99,https://es.pcpartpicker.com/product/cZytt6/nzxt-n7-z69xt-w1-atx-lga1700-motherboard-n7-z69xt-w1,4,4.5
//cdna.pcpartpicker.com/static/forever/images/product/a8ecd765a4804a78ecadaaf356a23644.256p.jpg,ASRock Fatal1ty Z370 Gaming K6,LGA1151,ATX,64,4,Black / Silver,296.54,https://es.pcpartpicker.com/product/9pZ2FT/asrock-fatal1ty-z370-gaming-k6-atx-lga1151-motherboard-fatal1ty-z370-gaming-k6,2,4
//cdna.pcpartpicker.com/static/forever/images/product/d9514f6a0376cb65729f780c759de9e3.256p.jpg,Asus PRIME Z690-A,LGA1700,ATX,128,4,Silver / Black,289.96,https://es.pcpartpicker.com/product/VzWzK8/asus-prime-z690-a-atx-lga1700-motherboard-prime-z690-a,2,4
//cdna.pcpartpicker.com/static/forever/images/product/dc3885f711fcf1a1bb4fe3a92a4d31ca.256p.jpg,Gigabyte Z590 AORUS MASTER,LGA1200,ATX,128,4,Black,285.55,https://es.pcpartpicker.com/product/xr6p99/gigabyte-z590-aorus-master-atx-lga1200-motherboard-z590-aorus-master,3,5
//cdna.pcpartpicker.com/static/forever/images/product/cd6ae3e0e91dd460286893183daac81f.256p.jpg,Gigabyte Z690 AORUS ELITE AX,LGA1700,ATX,128,4,Black,281,https://es.pcpartpicker.com/product/JJRYcf/gigabyte-z690-aorus-elite-ax-atx-lga1700-motherboard-z690-aorus-elite-ax,4,4
//cdna.pcpartpicker.com/static/forever/images/product/c554e90d4fd5bacfcec80e716ee6b307.256p.jpg,ASRock Z590M-ITX/ax,LGA1200,Mini ITX,64,2,Silver / Black,280.51,https://es.pcpartpicker.com/product/RV6p99/asrock-z590m-itxax-mini-itx-lga1200-motherboard-z590m-itxax,2,5
//cdna.pcpartpicker.com/static/forever/images/product/896d25ea1d8ea692bf45a9e527dfb076.256p.jpg,ASRock X570 Phantom Gaming-ITX/TB3,AM4,Mini ITX,64,2,Black / Silver,277.66,https://es.pcpartpicker.com/product/FBmFf7/asrock-x570-phantom-gaming-itxtb3-mini-itx-am4-motherboard-x570-phantom-gaming-itxtb3,7,3.7
//cdna.pcpartpicker.com/static/forever/images/product/b114a7539486e8a860362aa759fe6c29.256p.jpg,MSI PRO Z790-P WIFI DDR4,LGA1700,ATX,128,4,Black / Silver,274.8,https://es.pcpartpicker.com/product/rLzhP6/msi-pro-z790-p-wifi-ddr4-atx-lga1700-motherboard-pro-z790-p-wifi-ddr4,2,5
//cdna.pcpartpicker.com/static/forever/images/product/a22733cc8b0dca99ebe441e3579c8c59.256p.jpg,MSI MEG Z490 ACE,LGA1200,ATX,128,4,Black / Gold,270.57,https://es.pcpartpicker.com/product/z6jNnQ/msi-meg-z490-ace-atx-lga1200-motherboard-meg-z490-ace,2,5
//cdna.pcpartpicker.com/static/forever/images/product/b78c8ffae8014b09e863e546ca36370e.256p.jpg,NZXT N7 Z490,LGA1200,ATX,128,4,Black,266.55,https://es.pcpartpicker.com/product/vQrYcf/nzxt-n7-z490-atx-lga1200-motherboard-n7-z49xt-b1,4,3.8
//cdna.pcpartpicker.com/static/forever/images/product/8ba97ee3dffbeb15bc7f27c76cde6acc.256p.jpg,Gigabyte X570S AORUS ELITE AX,AM4,ATX,128,4,Black / Silver,263.99,https://es.pcpartpicker.com/product/YdWzK8/gigabyte-x570s-aorus-elite-ax-atx-am4-motherboard-x570s-aorus-elite-ax,2,4.5
https://m.media-amazon.com/images/I/414smUZ+7dL.jpg,ASRock Z690M-ITX/ax,LGA1700,Mini ITX,64,2,Silver / Black,263.8,https://es.pcpartpicker.com/product/2PYmP6/asrock-z690m-itxax-mini-itx-lga1700-motherboard-z690m-itxax,5,4.2
//cdna.pcpartpicker.com/static/forever/images/product/ad306eea0d65b908af26a7cea096c634.256p.jpg,Asus TUF GAMING Z690-PLUS D4,LGA1700,ATX,128,4,Black / Silver,261.31,https://es.pcpartpicker.com/product/gk8bt6/asus-tuf-gaming-z690-plus-d4-atx-lga1700-motherboard-tuf-gaming-z690-plus-d4,2,5
//cdna.pcpartpicker.com/static/forever/images/product/9a893a5445108a083b1727bcd344b9c1.256p.jpg,MSI PRO Z690-A WIFI DDR4,LGA1700,ATX,128,4,Black / Silver,260.8,https://es.pcpartpicker.com/product/LWPQzy/msi-pro-z690-a-wifi-ddr4-atx-lga1700-motherboard-pro-z690-a-wifi-ddr4,9,4.7
//cdna.pcpartpicker.com/static/forever/images/product/7e88d61e11edcf3ec331a54fe8562cb0.256p.jpg,NZXT N7 B550,AM4,ATX,128,4,Black,260.7,https://es.pcpartpicker.com/product/QwzhP6/nzxt-n7-b550-atx-am4-motherboard-n7-b55xt-b1,9,4.6
//cdna.pcpartpicker.com/static/forever/images/product/266f6a8a3a4f191decc99a21f2479aca.256p.jpg,Gigabyte Z490I AORUS ULTRA,LGA1200,Mini ITX,64,2,Black / Silver,260.33,https://es.pcpartpicker.com/product/QPLwrH/gigabyte-z490i-aorus-ultra-mini-itx-lga1200-motherboard-z490i-aorus-ultra,4,4.8
https://m.media-amazon.com/images/I/51TSL-pmMOL.jpg,ASRock B550 PG Velocita,AM4,ATX,128,4,Silver / Black,259.89,https://es.pcpartpicker.com/product/ZPDkcf/asrock-b550-pg-velocita-atx-am4-motherboard-b550-pg-velocita,5,4.8
//cdna.pcpartpicker.com/static/forever/images/product/40299fd817e280269325b671d0830ca6.256p.jpg,MSI MPG B560I GAMING EDGE WIFI,LGA1200,Mini ITX,64,2,Black,256.63,https://es.pcpartpicker.com/product/pQ6p99/msi-mpg-b560i-gaming-edge-wifi-mini-itx-lga1200-motherboard-mpg-b560i-gaming-edge-wifi,9,4.6
//cdna.pcpartpicker.com/static/forever/images/product/d133ebca1d420765f0246e6ea6f96b50.256p.jpg,ASRock B560M Pro4,LGA1200,Micro ATX,128,4,Silver / Black,255.57,https://es.pcpartpicker.com/product/9BmmP6/asrock-b560m-pro4-micro-atx-lga1200-motherboard-b560m-pro4,7,4.4
//cdna.pcpartpicker.com/static/forever/images/product/1796254752a632d703fb5659e1647668.256p.jpg,Asus TUF Gaming Z590-PLUS WIFI,LGA1200,ATX,128,4,Silver / Black,255.44,https://es.pcpartpicker.com/product/hD8bt6/asus-tuf-gaming-z590-plus-wifi-atx-lga1200-motherboard-tuf-gaming-z590-plus-wifi,5,4.4
//cdna.pcpartpicker.com/static/forever/images/product/ad927ac5699f64e9266ff834207c330f.256p.jpg,Gigabyte B550 GAMING X,AM4,ATX,128,4,Black / Silver,255,https://es.pcpartpicker.com/product/R6VG3C/gigabyte-b550-gaming-x-atx-am4-motherboard-b550-gaming-x,5,4.8
https://m.media-amazon.com/images/I/514enNtofrL.jpg,MSI MAG X570S TOMAHAWK MAX WIFI,AM4,ATX,128,4,Black,252.99,https://es.pcpartpicker.com/product/9BGbt6/msi-mag-x570s-tomahawk-max-wifi-atx-am4-motherboard-mag-x570s-tomahawk-max-wifi,9,4.9
//cdna.pcpartpicker.com/static/forever/images/product/322a6059c413dd736536e5ad5c3a2285.256p.jpg,Gigabyte B650 AORUS ELITE AX,AM5,ATX,128,4,Black / Silver,252.79,https://es.pcpartpicker.com/product/WBwypg/gigabyte-b650-aorus-elite-ax-atx-am5-motherboard-b650-aorus-elite-ax,7,4.7
//cdna.pcpartpicker.com/static/forever/images/product/a9c75d4ec788d1f1c022a5f06f92eb4c.256p.jpg,Asus PRIME Z590-A,LGA1200,ATX,128,4,Silver / Black,252.31,https://es.pcpartpicker.com/product/fwVmP6/asus-prime-z590-a-atx-lga1200-motherboard-prime-z590-a,7,4.6
//cdna.pcpartpicker.com/static/forever/images/product/b92bb62d182daebc0d9f5494dd0b2b68.256p.jpg,MSI PRO Z690-A WIFI,LGA1700,ATX,128,4,Black / Silver,249.9,https://es.pcpartpicker.com/product/K9Fbt6/msi-pro-z690-a-wifi-atx-lga1700-motherboard-pro-z690-a-wifi,2,4
//cdna.pcpartpicker.com/static/forever/images/product/e1677ccd8b20b24c91fd17885a1b8b8a.256p.jpg,MSI MPG B550 GAMING EDGE WIFI,AM4,ATX,128,4,Black / Silver,249.37,https://es.pcpartpicker.com/product/2f4BD3/msi-mpg-b550-gaming-edge-wifi-atx-am4-motherboard-mpg-b550-gaming-edge-wifi,72,4.7
https://m.media-amazon.com/images/I/51lpQ5pvAxL.jpg,Asus TUF GAMING X570-PRO (WI-FI),AM4,ATX,128,4,Black / Gold,248.82,https://es.pcpartpicker.com/product/6jFKHx/asus-tuf-gaming-x570-pro-wi-fi-atx-am4-motherboard-tuf-gaming-x570-pro-wi-fi,28,4.6
//cdna.pcpartpicker.com/static/forever/images/product/8d7d0435e8a2af93b5d91a1a5dccd476.256p.jpg,Asus TUF GAMING X570-PLUS (WI-FI),AM4,ATX,128,4,Black / Gold,247.8,https://es.pcpartpicker.com/product/dmGnTW/asus-tuf-gaming-x570-plus-wi-fi-atx-am4-motherboard-tuf-gaming-x570-plus-wi-fi,234,4.7
//cdna.pcpartpicker.com/static/forever/images/product/0dbf29e8515ec993f93f4b55adc50af5.256p.jpg,Gigabyte B660 AORUS Master DDR4,LGA1700,ATX,128,4,Black,244.29,https://es.pcpartpicker.com/product/kZPQzy/gigabyte-b660-aorus-master-ddr4-atx-lga1700-motherboard-b660-aorus-master-ddr4,3,4.3
//cdna.pcpartpicker.com/static/forever/images/product/f67d0bdc814b6f23c82e3a3195c9efe7.256p.jpg,Asus ROG STRIX B560-A GAMING WIFI,LGA1200,ATX,128,4,Black / Silver,243.54,https://es.pcpartpicker.com/product/R4M48d/asus-rog-strix-b560-a-gaming-wifi-atx-lga1200-motherboard-rog-strix-b560-a-gaming-wifi,4,4.8
//cdna.pcpartpicker.com/static/forever/images/product/c96321a1e039a1f7fd1bc917c5ae72b7.256p.jpg,Asus TUF GAMING X570-PLUS,AM4,ATX,128,4,Black / Gold,240.62,https://es.pcpartpicker.com/product/whMTwP/asus-tuf-gaming-x570-plus-atx-am4-motherboard-tuf-gaming-x570-plus,23,4.4
//cdna.pcpartpicker.com/static/forever/images/product/b007391b85dd4c48aae3d0cd21458138.256p.jpg,Gigabyte Z590 AORUS ULTRA,LGA1200,ATX,128,4,Black,239,https://es.pcpartpicker.com/product/bvnypg/gigabyte-z590-aorus-ultra-atx-lga1200-motherboard-z590-aorus-ultra,2,5
//cdna.pcpartpicker.com/static/forever/images/product/7bcba10be67cafc5a4686ec15319461a.256p.jpg,Gigabyte Z590 VISION D,LGA1200,ATX,128,4,Black / White,239,https://es.pcpartpicker.com/product/LkddnQ/gigabyte-z590-vision-d-atx-lga1200-motherboard-z590-vision-d,2,5
//cdna.pcpartpicker.com/static/forever/images/product/b5a26e85c9dd9054f055da70b8ae00cc.256p.jpg,MSI PRO Z690-A,LGA1700,ATX,128,4,Black / Silver,238.99,https://es.pcpartpicker.com/product/qnwypg/msi-pro-z690-a-atx-lga1700-motherboard-pro-z690-a,4,5
//cdna.pcpartpicker.com/static/forever/images/product/8ce406d6c564d26dad9c5d31717ce8c2.256p.jpg,Asus PRIME B550M-A/CSM,AM4,Micro ATX,128,4,Black / White,238.93,https://es.pcpartpicker.com/product/VpLwrH/asus-prime-b550m-acsm-micro-atx-am4-motherboard-prime-b550m-acsm,3,4.7
https://m.media-amazon.com/images/I/61KAc2uql2L.jpg,MSI MAG B460M MORTAR WIFI,LGA1200,Micro ATX,128,4,Silver / Black,238.7,https://es.pcpartpicker.com/product/hR3mP6/msi-mag-b460m-mortar-wifi-micro-atx-lga1200-motherboard-mag-b460m-mortar-wifi,4,5
//cdna.pcpartpicker.com/static/forever/images/product/2effb4f06a5ebded337afc05a0a164bf.256p.jpg,Asus ROG STRIX B660-A GAMING WIFI D4,LGA1700,ATX,128,4,Silver / Black,238.55,https://es.pcpartpicker.com/product/TVRYcf/asus-rog-strix-b660-a-gaming-wifi-d4-atx-lga1700-motherboard-rog-strix-b660-a-gaming-wifi-d4,8,4.4
//cdna.pcpartpicker.com/static/forever/images/product/cab701421ba984a3d3e69e6781624d1d.256p.jpg,MSI MPG B550 GAMING CARBON WIFI,AM4,ATX,128,4,Black / Silver,238.25,https://es.pcpartpicker.com/product/FyBhP6/msi-mpg-b550-gaming-carbon-wifi-atx-am4-motherboard-mpg-b550-gaming-carbon-wifi,26,4.5
https://m.media-amazon.com/images/I/51jnctILCqL.jpg,ASRock B550 Phantom Gaming-ITX/ax,AM4,Mini ITX,64,2,Silver / Black,234.18,https://es.pcpartpicker.com/product/ftdrxr/asrock-b550-phantom-gaming-itxax-mini-itx-am4-motherboard-b550-phantom-gaming-itxax,26,4.4
//cdna.pcpartpicker.com/static/forever/images/product/194e14cf897c9728b8a9e85d0bd85a1b.256p.jpg,MSI MPG Z490 GAMING EDGE WIFI,LGA1200,ATX,128,4,Black / Silver,233.6,https://es.pcpartpicker.com/product/ZJ2bt6/msi-mpg-z490-gaming-edge-wifi-atx-lga1200-motherboard-mpg-z490-gaming-edge-wifi,38,4.5
//cdna.pcpartpicker.com/static/forever/images/product/974f48fb1fd0b2032cb549076173f522.256p.jpg,ASRock X570 Steel Legend,AM4,ATX,128,4,Black / Silver,229.35,https://es.pcpartpicker.com/product/Ft6qqs/asrock-x570-steel-legend-atx-am4-motherboard-x570-steel-legend,22,4.5
//cdna.pcpartpicker.com/static/forever/images/product/a722ba89b0ed73fa31dc610bac8b33e0.256p.jpg,Gigabyte B560M AORUS PRO,LGA1200,Micro ATX,128,4,Black,224.9,https://es.pcpartpicker.com/product/JxGbt6/gigabyte-b560m-aorus-pro-micro-atx-lga1200-motherboard-b560m-aorus-pro,2,4.5
//cdna.pcpartpicker.com/static/forever/images/product/3deabe7b14a53642a29d3ff57a04bafa.256p.jpg,MSI MPG X570 GAMING EDGE WIFI,AM4,ATX,128,4,Black / Silver,224.9,https://es.pcpartpicker.com/product/gwPgXL/msi-mpg-x570-gaming-edge-wifi-atx-am4-motherboard-mpg-x570-gaming-edge-wifi,86,4.4
//cdna.pcpartpicker.com/static/forever/images/product/c5f7ee28c940f48c5076de03dc4f4a3e.256p.jpg,MSI X570-A PRO,AM4,ATX,128,4,Black / Silver,223.8,https://es.pcpartpicker.com/product/QZLwrH/msi-x570-a-pro-atx-am4-motherboard-x570-a-pro,24,4.3
//cdna.pcpartpicker.com/static/forever/images/product/24cc66652169bc811f7a8e3cd5a0c5c2.256p.jpg,ASRock Z490 Pro4,LGA1200,ATX,128,4,Black / Silver,221.28,https://es.pcpartpicker.com/product/h3MTwP/asrock-z490-pro4-atx-lga1200-motherboard-z490-pro4,2,2.5
https://m.media-amazon.com/images/I/51wxYWXoUtL.jpg,ASRock X570 Phantom Gaming 4,AM4,ATX,128,4,Black / Silver,221.18,https://es.pcpartpicker.com/product/RJxbt6/asrock-x570-phantom-gaming-4-atx-am4-motherboard-x570-phantom-gaming-4,24,4.4
//cdna.pcpartpicker.com/static/forever/images/product/75e744946902a18df556c10f40ccbb35.256p.jpg,ASRock X570 Pro4,AM4,ATX,128,4,Black / Silver,218.77,https://es.pcpartpicker.com/product/qkLwrH/asrock-x570-pro4-atx-am4-motherboard-x570-pro4,4,4.2
//cdna.pcpartpicker.com/static/forever/images/product/c3545792661554848a989b2494de3de0.256p.jpg,ASRock B560M Pro4/ac,LGA1200,Micro ATX,128,4,Silver / Black,218.47,https://es.pcpartpicker.com/product/3CbTwP/asrock-b560m-pro4ac-micro-atx-lga1200-motherboard-b560m-pro4ac,8,4.6
//cdna.pcpartpicker.com/static/forever/images/product/a9ca60ab55682a35c7062ee1ceeee799.256p.jpg,Asus ROG STRIX B660-I GAMING WIFI,LGA1700,Mini ITX,64,2,Black / Silver,216.74,https://es.pcpartpicker.com/product/B7gFf7/asus-rog-strix-b660-i-gaming-wifi-mini-itx-lga1700-motherboard-rog-strix-b660-i-gaming-wifi,8,4.8
//cdna.pcpartpicker.com/static/forever/images/product/a74655304314feef2a2f8ac2e8d9dd35.256p.jpg,Asus TUF GAMING Z490-PLUS (WI-FI),LGA1200,ATX,128,4,Black,216.5,https://es.pcpartpicker.com/product/MVRgXL/asus-tuf-gaming-z490-plus-wi-fi-atx-lga1200-motherboard-tuf-gaming-z490-plus-wi-fi,4,4.2
//cdna.pcpartpicker.com/static/forever/images/product/6792f9e45d7b69159731f4cd4313496a.256p.jpg,Gigabyte B550I AORUS PRO AX,AM4,Mini ITX,64,2,Black / Silver,213.84,https://es.pcpartpicker.com/product/9pn8TW/gigabyte-b550i-aorus-pro-ax-mini-itx-am4-motherboard-b550i-aorus-pro-ax,75,4.3
//cdna.pcpartpicker.com/static/forever/images/product/a6db53db17e0daae333dc2ab77f02b70.256p.jpg,ASRock B560 Pro4,LGA1200,ATX,128,4,Silver / Black,205.14,https://es.pcpartpicker.com/product/QzYmP6/asrock-b560-pro4-atx-lga1200-motherboard-b560-pro4,2,4.5
//cdna.pcpartpicker.com/static/forever/images/product/2131ac4689d1bfc99721a81de8904a52.256p.jpg,Asus PRIME X570-P,AM4,ATX,128,4,Black / White,204.08,https://es.pcpartpicker.com/product/McfFf7/asus-prime-x570-p-atx-am4-motherboard-prime-x570-p,37,4.3
https://m.media-amazon.com/images/I/51jo5pBGcNL.jpg,ASRock H470M-ITX/ac,LGA1200,Mini ITX,64,2,Black / Silver,202.78,https://es.pcpartpicker.com/product/fksnTW/asrock-h470m-itxac-mini-itx-lga1200-motherboard-h470m-itxac,4,4.8
//cdna.pcpartpicker.com/static/forever/images/product/c62f5ea5afd9d8e116f389af3e7fab63.256p.jpg,MSI MAG B560 TOMAHAWK WIFI,LGA1200,ATX,128,4,Black,202.52,https://es.pcpartpicker.com/product/m2mmP6/msi-mag-b560-tomahawk-wifi-atx-lga1200-motherboard-mag-b560-tomahawk-wifi,7,4.6
https://m.media-amazon.com/images/I/5167pK9B0UL.jpg,MSI X370 GAMING PRO CARBON,AM4,ATX,64,4,Black / Silver,201.6,https://es.pcpartpicker.com/product/zBH48d/msi-x370-gaming-pro-carbon-atx-am4-motherboard-x370-gaming-pro-carbon,32,4.5
https://m.media-amazon.com/images/I/41JI2lPIFiL.jpg,Asus TUF GAMING B450M-PRO S,AM4,Micro ATX,128,4,Black,200.77,https://es.pcpartpicker.com/product/kVzFf7/asus-tuf-gaming-b450m-pro-s-micro-atx-am4-motherboard-tuf-gaming-b450m-pro-s,3,4.3
//cdna.pcpartpicker.com/static/forever/images/product/9d86cbb5832e9edad8c305a34658309e.256p.jpg,Gigabyte GA-Z270P-D3,LGA1151,ATX,64,4,Black / Gold,199,https://es.pcpartpicker.com/product/WN98TW/gigabyte-ga-z270p-d3-atx-lga1151-motherboard-ga-z270p-d3,5,4.6
//cdna.pcpartpicker.com/static/forever/images/product/5f39595e6f270ae24f1c00748cdde442.256p.jpg,Gigabyte B660 GAMING X AX DDR4,LGA1700,ATX,128,4,Black,196.99,https://es.pcpartpicker.com/product/YZPQzy/gigabyte-b660-gaming-x-ax-ddr4-atx-lga1700-motherboard-b660-gaming-x-ax-ddr4,8,4.9
//cdna.pcpartpicker.com/static/forever/images/product/35e87e8f9716f19c0b94ec1ab5d53b52.256p.jpg,ASRock B650M PG RIPTIDE,AM5,Micro ATX,128,4,Black,196.99,https://es.pcpartpicker.com/product/n8nypg/asrock-b650m-pg-riptide-micro-atx-am5-motherboard-b650m-pg-riptide,2,4
//cdna.pcpartpicker.com/static/forever/images/product/307d7230bae7729101d661206280f2be.256p.jpg,Asus PRIME Z590-P,LGA1200,ATX,128,4,Silver / Black,196.15,https://es.pcpartpicker.com/product/Xm8bt6/asus-prime-z590-p-atx-lga1200-motherboard-prime-z590-p,8,4.8
//cdna.pcpartpicker.com/static/forever/images/product/1009a4848207e1aef6dc810d47ba4b38.256p.jpg,Gigabyte B550 AORUS PRO AC,AM4,ATX,128,4,Black / Orange,196,https://es.pcpartpicker.com/product/FMxbt6/gigabyte-b550-aorus-pro-ac-atx-am4-motherboard-b550-aorus-pro-ac,33,4.7
//cdna.pcpartpicker.com/static/forever/images/product/8885d4ef198d1a3c5d33430a932d5789.256p.jpg,Gigabyte B550 AORUS ELITE AX,AM4,ATX,128,4,Black,195.37,https://es.pcpartpicker.com/product/V6GnTW/gigabyte-b550-aorus-elite-ax-atx-am4-motherboard-b550-aorus-elite-ax,2,5
https://m.media-amazon.com/images/I/417jkaDUMWL.jpg,Asus ROG STRIX B550-F GAMING WIFI II,AM4,ATX,128,4,Black / Red,194.42,https://es.pcpartpicker.com/product/K4LFf7/asus-rog-strix-b550-f-gaming-wifi-ii-atx-am4-motherboard-strix-b550-f-gaming-wifi-ii,5,4.4
//cdna.pcpartpicker.com/static/forever/images/product/57b4a5399dc626e9c5786f786aeb94ac.256p.jpg,MSI B550M PRO-VDH WIFI,AM4,Micro ATX,128,4,Black,193.22,https://es.pcpartpicker.com/product/PDsnTW/msi-b550m-pro-vdh-wifi-micro-atx-am4-motherboard-b550m-pro-vdh-wifi,74,4.7
//cdna.pcpartpicker.com/static/forever/images/product/77ba48f9d73f9e4f2e0e975ccd525c0c.256p.jpg,Gigabyte Z590 VISION G,LGA1200,ATX,128,4,Black / White,192.8,https://es.pcpartpicker.com/product/7ycG3C/gigabyte-z590-vision-g-atx-lga1200-motherboard-z590-vision-g,2,5
//cdna.pcpartpicker.com/static/forever/images/product/a7562889742db292c4348c393c61da0d.256p.jpg,Asus PRIME Z690-P D4,LGA1700,ATX,128,4,Silver / Black,192.79,https://es.pcpartpicker.com/product/J9Fbt6/asus-prime-z690-p-d4-atx-lga1700-motherboard-prime-z690-p-d4,5,4.6
//cdna.pcpartpicker.com/static/forever/images/product/e75e4ef82336c8f4dea8836ccc8ed480.256p.jpg,Gigabyte Z590I VISION D,LGA1200,Mini ITX,64,2,Black / White,191.49,https://es.pcpartpicker.com/product/GXPQzy/gigabyte-z590i-vision-d-mini-itx-lga1200-motherboard-z590i-vision-d,2,4
//cdna.pcpartpicker.com/static/forever/images/product/159988fc557918e2e0ee7ae0be4f7056.256p.jpg,Gigabyte Z690 UD DDR4,LGA1700,ATX,128,4,Black,190.99,https://es.pcpartpicker.com/product/Z3ddnQ/gigabyte-z690-ud-ddr4-atx-lga1700-motherboard-z690-ud-ddr4,4,4.5
//cdna.pcpartpicker.com/static/forever/images/product/9e69dc7f3a9c5f7f44040d7e568e12cd.256p.jpg,Gigabyte B550 AORUS PRO AX,AM4,ATX,128,4,Black,189.9,https://es.pcpartpicker.com/product/TMLwrH/gigabyte-b550-aorus-pro-ax-atx-am4-motherboard-b550-aorus-pro-ax,3,4.7
//cdna.pcpartpicker.com/static/forever/images/product/1c9e3ff5fea16a7d988e76109cae812c.256p.jpg,MSI Z590-A PRO,LGA1200,ATX,128,4,Black,189.9,https://es.pcpartpicker.com/product/mgstt6/msi-z590-a-pro-atx-lga1200-motherboard-z590-a-pro,2,4.5
//cdna.pcpartpicker.com/static/forever/images/product/754662e556e5f5d4e45650e97e70fa94.256p.jpg,MSI B450M MORTAR MAX,AM4,Micro ATX,64,4,Black,189.23,https://es.pcpartpicker.com/product/h7WBD3/msi-b450m-mortar-max-micro-atx-am4-motherboard-b450m-mortar-max,29,4.7
https://m.media-amazon.com/images/I/61ys2K2XmrL.jpg,MSI MAG B550M MORTAR WIFI,AM4,Micro ATX,128,4,Silver / Black,189.14,https://es.pcpartpicker.com/product/RhrYcf/msi-mag-b550m-mortar-wifi-micro-atx-am4-motherboard-mag-b550m-mortar-wifi,50,4.7
https://m.media-amazon.com/images/I/61cDUaDi8sL.jpg,MSI Z590 PRO WIFI,LGA1200,ATX,128,4,Black,186.32,https://es.pcpartpicker.com/product/V7PQzy/msi-z590-pro-wifi-atx-lga1200-motherboard-z590-pro-wifi,4,3.8
//cdna.pcpartpicker.com/static/forever/images/product/1ecb31a85c5183b572400df2bbac6a9b.256p.jpg,Gigabyte B450 Gaming X,AM4,ATX,64,4,Black / Red,185.99,https://es.pcpartpicker.com/product/XP22FT/gigabyte-b450-gaming-x-atx-am4-motherboard-b450-gaming-x,4,3.2
//cdna.pcpartpicker.com/static/forever/images/product/6e4f0611d3d2a632bdf56cf81175c9c9.256p.jpg,Asus TUF GAMING B660-PLUS WIFI D4,LGA1700,ATX,128,4,Yellow / Black,183.96,https://es.pcpartpicker.com/product/Xdwypg/asus-tuf-gaming-b660-plus-wifi-d4-atx-lga1700-motherboard-tuf-gaming-b660-plus-wifi-d4,2,5
https://m.media-amazon.com/images/I/51vXr2NEiPL.jpg,Asus TUF GAMING B660M-PLUS WIFI D4,LGA1700,Micro ATX,128,4,Black / Orange,183.89,https://es.pcpartpicker.com/product/K7H7YJ/asus-tuf-gaming-b660m-plus-wifi-d4-micro-atx-lga1700-motherboard-tuf-gaming-b660m-plus-wifi-d4,3,4.7
//cdna.pcpartpicker.com/static/forever/images/product/5ac88d84f61dd91c0621ac30c4dc5480.256p.jpg,Asus ROG STRIX B550-A GAMING,AM4,ATX,128,4,Black / White,183.44,https://es.pcpartpicker.com/product/y96qqs/asus-rog-strix-b550-a-gaming-atx-am4-motherboard-rog-strix-b550-a-gaming,44,4.7
//cdna.pcpartpicker.com/static/forever/images/product/c5081f46a5f8d3058f66b62a15b14860.256p.jpg,Gigabyte B550 AORUS PRO V2,AM4,ATX,128,4,Black,183.06,https://es.pcpartpicker.com/product/cL3mP6/gigabyte-b550-aorus-pro-v2-atx-am4-motherboard-b550-aorus-pro-v2,7,4.4
//cdna.pcpartpicker.com/static/forever/images/product/3b15aecb9e732104d74a171096c8c286.256p.jpg,Gigabyte Z590 AORUS ELITE AX,LGA1200,ATX,128,4,Black,181.97,https://es.pcpartpicker.com/product/YJ8bt6/gigabyte-z590-aorus-elite-ax-atx-lga1200-motherboard-z590-aorus-elite-ax,3,4.7
//cdna.pcpartpicker.com/static/forever/images/product/027db57e648195a626b263d9fcfb61d3.256p.jpg,Asus PRIME Z690M-PLUS D4,LGA1700,Micro ATX,128,4,Silver / Black,181.79,https://es.pcpartpicker.com/product/gWPQzy/asus-prime-z690m-plus-d4-micro-atx-lga1700-motherboard-prime-z690m-plus-d4,7,4
https://m.media-amazon.com/images/I/515LtxB77aL.jpg,ASRock B550M-ITX/ac,AM4,Mini ITX,64,2,Silver / Black,180.45,https://es.pcpartpicker.com/product/G6VG3C/asrock-b550m-itxac-mini-itx-am4-motherboard-b550m-itxac,28,4.5
//cdna.pcpartpicker.com/static/forever/images/product/6d8d4dfe35837731b3232f9c4232463c.256p.jpg,MSI MAG B660M MORTAR DDR4,LGA1700,Micro ATX,128,4,Black / Silver,180.39,https://es.pcpartpicker.com/product/t9PQzy/msi-mag-b660m-mortar-ddr4-micro-atx-lga1700-motherboard-mag-b660m-mortar-ddr4,2,5
//cdna.pcpartpicker.com/static/forever/images/product/793660677d4733671b31e654a3480395.256p.jpg,ASRock B560M-ITX/ac,LGA1200,Mini ITX,64,2,Silver / Black,179.22,https://es.pcpartpicker.com/product/99JgXL/asrock-b560m-itxac-mini-itx-lga1200-motherboard-b560m-itxac,3,3.7
//cdna.pcpartpicker.com/static/forever/images/product/c903b7364d370600516f81632584f25f.256p.jpg,ASRock Z590 Pro4,LGA1200,ATX,128,4,Silver / Black,176.48,https://es.pcpartpicker.com/product/GhqPxr/asrock-z590-pro4-atx-lga1200-motherboard-z590-pro4,2,4.5
//cdna.pcpartpicker.com/static/forever/images/product/2fab0cd72166896f8652fe39a7be1984.256p.jpg,Asus ROG STRIX B550-F GAMING,AM4,ATX,128,4,Black,175.74,https://es.pcpartpicker.com/product/JXBhP6/asus-rog-strix-b550-f-gaming-atx-am4-motherboard-rog-strix-b550-f-gaming,57,4.6
https://m.media-amazon.com/images/I/51doIGCywBL.jpg,Asus PRIME H670-PLUS D4,LGA1700,ATX,128,4,Silver / Black,174.29,https://es.pcpartpicker.com/product/sPLFf7/asus-prime-h670-plus-d4-atx-lga1700-motherboard-prime-h670-plus-d4,3,4.3
//cdna.pcpartpicker.com/static/forever/images/product/3cbf74a6886df1b73c6db3935b1b24e1.256p.jpg,MSI PRO B660M-A WIFI DDR4,LGA1700,Micro ATX,128,4,Black / Silver,173.46,https://es.pcpartpicker.com/product/34kWGX/msi-pro-b660m-a-wifi-ddr4-micro-atx-lga1700-motherboard-pro-b660m-a-wifi-ddr4,5,4.8
//cdna.pcpartpicker.com/static/forever/images/product/2ee3fa1251e7ddd5a51a88a97aa734c1.256p.jpg,ASRock B560 Steel Legend,LGA1200,ATX,128,4,Silver / Black,173.41,https://es.pcpartpicker.com/product/KHhFf7/asrock-b560-steel-legend-atx-lga1200-motherboard-b560-steel-legend,5,4.8
//cdna.pcpartpicker.com/static/forever/images/product/de7d51beb6dace39938b060916d3b967.256p.jpg,MSI PRO B660-A DDR4,LGA1700,ATX,128,4,Black / Silver,171.99,https://es.pcpartpicker.com/product/FsfnTW/msi-pro-b660-a-ddr4-atx-lga1700-motherboard-pro-b660-a-ddr4,3,4.7
//cdna.pcpartpicker.com/static/forever/images/product/2ff5c859fc52c9bda07f739cf93d7ff8.256p.jpg,ASRock H670 PG Riptide,LGA1700,ATX,128,4,Black,171.28,https://es.pcpartpicker.com/product/bRhFf7/asrock-h670-pg-riptide-atx-lga1700-motherboard-h670-pg-riptide,2,3.5
//cdna.pcpartpicker.com/static/forever/images/product/42e6220705d2333ebdc7fd0f2569d269.256p.jpg,MSI MAG B560 TORPEDO,LGA1200,ATX,128,4,Black / Blue,169.99,https://es.pcpartpicker.com/product/jv3gXL/msi-mag-b560-torpedo-atx-lga1200-motherboard-mag-b560-torpedo,3,4.7
https://m.media-amazon.com/images/I/51KxKG8kXyL.jpg,Asus ROG STRIX B360-I GAMING,LGA1151,Mini ITX,32,2,Black / Silver,167.95,https://es.pcpartpicker.com/product/44BTwP/asus-rog-strix-b360-i-gaming-mini-itx-lga1151-motherboard-strix-b360-i-gaming,7,5
//cdna.pcpartpicker.com/static/forever/images/product/20b2f4cc60ded2ad4529beae7b0dda14.256p.jpg,MSI Z490-A PRO,LGA1200,ATX,128,4,Black / Silver,167.9,https://es.pcpartpicker.com/product/KXpmP6/msi-z490-a-pro-atx-lga1200-motherboard-z490-a-pro,25,4.7
//cdna.pcpartpicker.com/static/forever/images/product/e45d552e13e60103e6fa9e4c89345e65.256p.jpg,ASRock B550M Steel Legend,AM4,Micro ATX,128,4,Silver / Black,163.8,https://es.pcpartpicker.com/product/nFhmP6/asrock-b550m-steel-legend-micro-atx-am4-motherboard-b550m-steel-legend,24,4.6
//cdna.pcpartpicker.com/static/forever/images/product/11d96e04d37c62b6ebbad5a426d447ef.256p.jpg,Asus TUF GAMING B560-PLUS WIFI,LGA1200,ATX,128,4,Black,161.9,https://es.pcpartpicker.com/product/WH2WGX/asus-tuf-gaming-b560-plus-wifi-atx-lga1200-motherboard-tuf-gaming-b560-plus-wifi,3,5
//cdna.pcpartpicker.com/static/forever/images/product/149d9cfc82156a641cab6c9452c8a1f2.256p.jpg,ASRock Z390 Pro4,LGA1151,ATX,128,4,Black / Silver,161.19,https://es.pcpartpicker.com/product/4srmP6/asrock-z390-pro4-atx-lga1151-motherboard-z390-pro4,8,4
//cdna.pcpartpicker.com/static/forever/images/product/d9f76873a3639baaba89ca1855e20cdc.256p.jpg,MSI H510I PRO WIFI,LGA1200,Mini ITX,64,2,Black / Silver,159.59,https://es.pcpartpicker.com/product/BwcG3C/msi-h510i-pro-wifi-mini-itx-lga1200-motherboard-h510i-pro-wifi,2,4
//cdna.pcpartpicker.com/static/forever/images/product/575459297fc3c5490b6a3878a2bd578f.256p.jpg,Gigabyte X570 UD,AM4,ATX,128,4,Black / Silver,159.02,https://es.pcpartpicker.com/product/LcYQzy/gigabyte-x570-ud-atx-am4-motherboard-x570-ud,2,3
//cdna.pcpartpicker.com/static/forever/images/product/b8e3f4d3ece869ff631939ebbfe373d4.256p.jpg,Asus TUF GAMING B550-PLUS,AM4,ATX,128,4,Black,157.9,https://es.pcpartpicker.com/product/pnqBD3/asus-tuf-gaming-b550-plus-atx-am4-motherboard-tuf-gaming-b550-plus,20,4.5
//cdna.pcpartpicker.com/static/forever/images/product/7fac2531fd84562ab9ca62b2c32f1f4d.256p.jpg,MSI MAG B560M MORTAR WIFI,LGA1200,Micro ATX,128,4,Black / White,154.13,https://es.pcpartpicker.com/product/WmrRsY/msi-mag-b560m-mortar-wifi-micro-atx-lga1200-motherboard-mag-b560m-mortar-wifi,2,4
//cdna.pcpartpicker.com/static/forever/images/product/5dd842664e7633f330f43db654431014.256p.jpg,Asus PRIME B660-PLUS D4,LGA1700,ATX,128,4,Silver / Black,130.9,https://es.pcpartpicker.com/product/32NxFT/asus-prime-b660-plus-d4-atx-lga1700-motherboard-prime-b660-plus-d4,2,4.5
//cdna.pcpartpicker.com/static/forever/images/product/b6196d5b8b72eb6bfb4d42ccd24d8b25.256p.jpg,ASRock B365M-HDV,LGA1151,Micro ATX,32,2,Black / Silver,130,https://es.pcpartpicker.com/product/P9WBD3/asrock-b365m-hdv-micro-atx-lga1151-motherboard-b365m-hdv,2,4
//cdna.pcpartpicker.com/static/forever/images/product/09d3314474cf5fefa2bd5c5941bb33b5.256p.jpg,Gigabyte B550 GAMING X V2,AM4,ATX,128,4,Black,126.96,https://es.pcpartpicker.com/product/KxFbt6/gigabyte-b550-gaming-x-v2-atx-am4-motherboard-b550-gaming-x-v2,4,4.5
//cdna.pcpartpicker.com/static/forever/images/product/b78a4d2aa4d50e061211af815e31e3b2.256p.jpg,Asus PRIME B550-PLUS,AM4,ATX,128,4,Black / White,126.31,https://es.pcpartpicker.com/product/TR848d/asus-prime-b550-plus-atx-am4-motherboard-prime-b550-plus,4,4.2
//cdna.pcpartpicker.com/static/forever/images/product/7f9f592447b8f0ca453780f12ee90143.256p.jpg,ASRock Fatal1ty B450 Gaming-ITX/ac,AM4,Mini ITX,64,2,Black / Silver,125.12,https://es.pcpartpicker.com/product/N4jJ7P/asrock-fatal1ty-b450-gaming-itxac-mini-itx-am4-motherboard-b450-gaming-itxac,79,4.6
//cdna.pcpartpicker.com/static/forever/images/product/ef5567af61e7015374ee976b865884a1.256p.jpg,MSI H310M PRO-VDH PLUS,LGA1151,Micro ATX,32,2,Black,121.3,https://es.pcpartpicker.com/product/KWgzK8/msi-h310m-pro-vdh-plus-micro-atx-am4-motherboard-h310m-pro-vdh-plus,2,4
//cdna.pcpartpicker.com/static/forever/images/product/dbfb02d6b58c68e437bd56d7426600eb.256p.jpg,ASRock Fatal1ty B450 GAMING K4,AM4,ATX,64,4,Black / Silver,120.99,https://es.pcpartpicker.com/product/Pq97YJ/asrock-fatal1ty-b450-gaming-k4-atx-am4-motherboard-b450-gaming-k4,5,3.6
//cdna.pcpartpicker.com/static/forever/images/product/6911dc7bbaf478ab2918045c79abeef4.256p.jpg,ASRock H510M-ITX/ac,LGA1200,Mini ITX,64,2,Silver / Black,120,https://es.pcpartpicker.com/product/MnH7YJ/asrock-h510m-itxac-mini-itx-lga1200-motherboard-h510m-itxac,2,5
//cdna.pcpartpicker.com/static/forever/images/product/465dcc18fe3fdea273824ce2724509f1.256p.jpg,MSI A320M-A PRO MAX,AM4,Micro ATX,32,2,Black,119.99,https://es.pcpartpicker.com/product/TWJmP6/msi-a320m-a-pro-max-micro-atx-am4-motherboard-a320m-a-pro-max,8,4.1
https://m.media-amazon.com/images/I/51ZmqirNGmL.jpg,ASRock B460M-HDV,LGA1200,Micro ATX,64,2,Black,119.68,https://es.pcpartpicker.com/product/cmvqqs/asrock-b460m-hdv-micro-atx-lga1200-motherboard-b460m-hdv,2,3.5
//cdna.pcpartpicker.com/static/forever/images/product/caccbe17a66ba120164dae6fb34ae435.256p.jpg,Gigabyte GA-A320M-H,AM4,Micro ATX,32,2,Black,119,https://es.pcpartpicker.com/product/GZ848d/gigabyte-ga-a320m-h-micro-atx-am4-motherboard-ga-a320m-h,2,3.5
https://m.media-amazon.com/images/I/51x3-R4NQeL.jpg,Asus PRIME B660M-A D4,LGA1700,Micro ATX,128,4,Silver / Black,118.96,https://es.pcpartpicker.com/product/yZPQzy/asus-prime-b660m-a-d4-micro-atx-lga1700-motherboard-prime-b660m-a-d4,5,4.4
//cdna.pcpartpicker.com/static/forever/images/product/fe5d9f5248603768fc736ddda80f445c.256p.jpg,ASRock B365 Pro4,LGA1151,ATX,64,4,Black / Silver,117.84,https://es.pcpartpicker.com/product/3rNv6h/asrock-b365-pro4-atx-lga1151-motherboard-b365-pro4,7,4.3
https://m.media-amazon.com/images/I/51ZFaAVMRfL.jpg,ASRock B450 Steel Legend,AM4,ATX,64,4,Black / Silver,117.52,https://es.pcpartpicker.com/product/wb7v6h/asrock-b450-steel-legend-atx-am4-motherboard-b450-steel-legend,39,4.5
//cdna.pcpartpicker.com/static/forever/images/product/491312c7eb6c3a47c8a7c53e063b397e.256p.jpg,MSI B450-A PRO MAX,AM4,ATX,64,4,Brown / Black,112.82,https://es.pcpartpicker.com/product/XJbCmG/msi-b450-a-pro-max-atx-am4-motherboard-b450-a-pro-max,34,4.6
//cdna.pcpartpicker.com/static/forever/images/product/9a09d966167a7cdc937d39d9bf9edc8b.256p.jpg,Gigabyte B660M DS3H DDR4,LGA1700,Micro ATX,128,4,Black,112.49,https://es.pcpartpicker.com/product/Z6ddnQ/gigabyte-b660m-ds3h-ddr4-micro-atx-lga1700-motherboard-b660m-ds3h-ddr4,7,4.7
//cdna.pcpartpicker.com/static/forever/images/product/44867ec7814048eb5afc863cc9bc1de3.256p.jpg,ASRock A520M-HDV,AM4,Micro ATX,64,2,Black / Silver,112.08,https://es.pcpartpicker.com/product/bWqBD3/asrock-a520m-hdv-micro-atx-am4-motherboard-a520m-hdv,2,3.5
//cdna.pcpartpicker.com/static/forever/images/product/c260f3f95ce3c6ef17b2ffcdd4bbca2e.256p.jpg,ASRock B460 Phantom Gaming 4,LGA1200,ATX,128,4,Black,111.38,https://es.pcpartpicker.com/product/M39tt6/asrock-b460-phantom-gaming-4-atx-lga1200-motherboard-b460-phantom-gaming-4,3,4
//cdna.pcpartpicker.com/static/forever/images/product/55e1dfa874949b0ba8b804d3584d170c.256p.jpg,Gigabyte B550M AORUS ELITE,AM4,Micro ATX,128,4,Black / Orange,110.8,https://es.pcpartpicker.com/product/Kb6qqs/gigabyte-b550m-aorus-elite-micro-atx-am4-motherboard-b550m-aorus-elite,5,3.8
//cdna.pcpartpicker.com/static/forever/images/product/234d48de1af93682a5636e8bba4242d3.256p.jpg,ASRock B450 Pro4 R2.0,AM4,ATX,128,4,Black,109.36,https://es.pcpartpicker.com/product/wjcG3C/asrock-b450-pro4-r20-atx-am4-motherboard-b450-pro4-r20,2,5
//cdna.pcpartpicker.com/static/forever/images/product/84c88ff577f173d87f25f0aec5ffa734.256p.jpg,Gigabyte B450 AORUS ELITE V2,AM4,ATX,128,4,Black,107,https://es.pcpartpicker.com/product/yyGnTW/gigabyte-b450-aorus-elite-v2-atx-am4-motherboard-b450-aorus-elite-v2,9,4.4
//cdna.pcpartpicker.com/static/forever/images/product/cdf933968ed120030fb424c75188d6b7.256p.jpg,Gigabyte B550M DS3H,AM4,Micro ATX,128,4,Black / Gold,105,https://es.pcpartpicker.com/product/VyBhP6/gigabyte-b550m-ds3h-micro-atx-am4-motherboard-b550m-ds3h,22,4.5
//cdna.pcpartpicker.com/static/forever/images/product/cda08202f43f32e123a0d38807caf5a3.256p.jpg,MSI B560M-A PRO,LGA1200,Micro ATX,64,2,Black,103,https://es.pcpartpicker.com/product/HpH7YJ/msi-b560m-a-pro-micro-atx-lga1200-motherboard-b560m-a-pro,2,4
//cdna.pcpartpicker.com/static/forever/images/product/b6ef672b629544795b9cab28ccecf57b.256p.jpg,ASRock B250 Pro4,LGA1151,ATX,64,4,Black / White,101.58,https://es.pcpartpicker.com/product/FzGj4D/asrock-b250-pro4-atx-lga1151-motherboard-b250-pro4,3,5
//cdna.pcpartpicker.com/static/forever/images/product/36cb6e0f2c30c74739c77e05c1055151.256p.jpg,MSI B350M BAZOOKA,AM4,Micro ATX,64,4,Black / White,101.4,https://es.pcpartpicker.com/product/jXcMnQ/msi-b350m-bazooka-micro-atx-am4-motherboard-b350m-bazooka,9,4.2
//cdna.pcpartpicker.com/static/forever/images/product/11ea676aa40218876173f6fa1020ba00.256p.jpg,Gigabyte B360 HD3,LGA1151,ATX,64,4,Silver / Black,101.13,https://es.pcpartpicker.com/product/yqBTwP/gigabyte-b360-hd3-atx-lga1151-motherboard-b360-hd3,2,4.5
//cdna.pcpartpicker.com/static/forever/images/product/5a843c87a105d258665cf818a1c2eff6.256p.jpg,MSI B560M PRO-E,LGA1200,Micro ATX,64,2,Black,99.49,https://es.pcpartpicker.com/product/dMbTwP/msi-b560m-pro-e-micro-atx-lga1200-motherboard-b560m-pro-e,3,4
//cdna.pcpartpicker.com/static/forever/images/product/e26097343d4bc418b55c291ad2870ee7.256p.jpg,Gigabyte GA-AB350-Gaming,AM4,ATX,64,4,Black / Red,98.16,https://es.pcpartpicker.com/product/WWdFf7/gigabyte-ga-ab350-gaming-atx-am4-motherboard-ga-ab350-gaming,6,4.2
//cdna.pcpartpicker.com/static/forever/images/product/dbeb8cc8ade3dfcbfed111e7b3b4d00f.256p.jpg,Asus Prime B450M-A II,AM4,Micro ATX,128,4,,94.16,https://es.pcpartpicker.com/product/kthmP6/asus-prime-b450m-a-ii-micro-atx-am4-motherboard-prime-b450m-a-ii,5,4.8
//cdna.pcpartpicker.com/static/forever/images/product/f3fdad4280ba96b11df88c92a4696ab5.256p.jpg,ASRock B560M-HDV,LGA1200,Micro ATX,64,2,Silver / Black,93.99,https://es.pcpartpicker.com/product/vvKKHx/asrock-b560m-hdv-micro-atx-lga1200-motherboard-b560m-hdv,2,4.5
//cdna.pcpartpicker.com/static/forever/images/product/acd6970346b4f44264333f7277ca44fb.256p.jpg,Asus PRIME H610M-E D4,LGA1700,Micro ATX,64,2,Silver / Black,93.51,https://es.pcpartpicker.com/product/GtqPxr/asus-prime-h610m-e-d4-micro-atx-lga1700-motherboard-prime-h610m-e-d4,2,3
//cdna.pcpartpicker.com/static/forever/images/product/f9e3e541c282e5d932fce04c93183883.256p.jpg,MSI H510M-A PRO,LGA1200,Micro ATX,64,2,Black,90.99,https://es.pcpartpicker.com/product/ncbTwP/msi-h510m-a-pro-micro-atx-lga1200-motherboard-h510m-a-pro,2,4.5
//cdna.pcpartpicker.com/static/forever/images/product/c95f56fadd82cb1cef6c514e909df7e0.256p.jpg,Biostar H81MHV3,LGA1150,Micro ATX,16,2,Black / Yellow,84.31,https://es.pcpartpicker.com/product/dW2kcf/biostar-motherboard-h81mhv3,3,3.7
//cdna.pcpartpicker.com/static/forever/images/product/f210cab1260cc8cd402ee007cc382029.256p.jpg,MSI A520M-A PRO,AM4,Micro ATX,64,2,Black,82.94,https://es.pcpartpicker.com/product/nZTzK8/msi-a520m-a-pro-micro-atx-am4-motherboard-a520m-a-pro,2,4.5
//cdna.pcpartpicker.com/static/forever/images/product/8534c6e8baa15926be151d31ae0f58ef.256p.jpg,Gigabyte B550M S2H,AM4,Micro ATX,64,2,Black / Silver,82.69,https://es.pcpartpicker.com/product/nQbCmG/gigabyte-b550m-s2h-micro-atx-am4-motherboard-b550m-s2h,3,4.7
//cdna.pcpartpicker.com/static/forever/images/product/87c06dc69a443c1f6fc125a4d450f9e0.256p.jpg,Asus PRIME H510M-K,LGA1200,Micro ATX,64,2,Black / Silver,79.47,https://es.pcpartpicker.com/product/8dFbt6/asus-prime-h510m-k-micro-atx-lga1200-motherboard-prime-h510m-k,2,5
//cdna.pcpartpicker.com/static/forever/images/product/dd7c32aa9d0d74c682d29210394b1a99.256p.jpg,ASRock H510M-HDV,LGA1200,Micro ATX,64,2,Silver / Black,78.56,https://es.pcpartpicker.com/product/NnH7YJ/asrock-h510m-hdv-micro-atx-lga1200-motherboard-h510m-hdv,2,3
//cdna.pcpartpicker.com/static/forever/images/product/8adbca8b199f5b552fcf742ca65b176f.256p.jpg,ASRock H310M-HDV,LGA1151,Micro ATX,32,2,Black / Silver,78.5,https://es.pcpartpicker.com/product/F4BTwP/asrock-h310m-hdv-micro-atx-lga1151-motherboard-h310m-hdv,4,4.5
//cdna.pcpartpicker.com/static/forever/images/product/abcf801c75db5692ed08e9c0c3f49fbc.256p.jpg,ASRock H510M-HVS,LGA1200,Micro ATX,64,2,Silver / Black,77.82,https://es.pcpartpicker.com/product/Lr6p99/asrock-h510m-hvs-micro-atx-lga1200-motherboard-h510m-hvs,2,4.5
//cdna.pcpartpicker.com/static/forever/images/product/0cbcdd636b43ad2b7b175731eaf81737.256p.jpg,Biostar B450MH,AM4,Micro ATX,32,2,Black / Yellow,76,https://es.pcpartpicker.com/product/DWw7YJ/biostar-b450mh-micro-atx-am4-motherboard-b450mh,2,3.5
//cdna.pcpartpicker.com/static/forever/images/product/2b2897ac0de148a2935c3277573131b3.256p.jpg,ASRock B450M-HDV R4.0,AM4,Micro ATX,32,2,Black / White,75.62,https://es.pcpartpicker.com/product/RD97YJ/asrock-b450m-hdv-r40-micro-atx-am4-motherboard-b450m-hdv-r40,33,3.8
//cdna.pcpartpicker.com/static/forever/images/product/63b64f6b10bbfb2c406fdbf40bde777d.256p.jpg,Gigabyte A520M S2H,AM4,Micro ATX,64,2,Black,72,https://es.pcpartpicker.com/product/HVK2FT/gigabyte-a520m-s2h-micro-atx-am4-motherboard-a520m-s2h,6,4.7
//cdna.pcpartpicker.com/static/forever/images/product/0d8d83b73c9f82f04e889ff31ca1471c.256p.jpg,Gigabyte GA-A320M-S2H,AM4,Micro ATX,32,2,Black,66.8,https://es.pcpartpicker.com/product/sL7v6h/gigabyte-ga-a320m-s2h-micro-atx-am4-motherboard-ga-a320m-s2h,24,3.8
https://m.media-amazon.com/images/I/61RyTnm2bUL.jpg,MSI AM1M,AM1,Micro ATX,16,2,Black,35.9,https://es.pcpartpicker.com/product/4238TW/msi-motherboard-am1m,3,3.7
