img_src,name,type,efficiency,wattage_W,modular,color,price,link,rating_number,rating
https://m.media-amazon.com/images/I/41xDKYAGohL.jpg,Xilence XP400R6,ATX,,400,No,Black / Red,35.04,https://es.pcpartpicker.com/product/fbVD4D/xilence-performance-c-400w-atx-power-supply-xn041,1,1
//cdna.pcpartpicker.com/static/forever/images/product/c78bb26358e604f838bdb1e56772f4aa.256p.jpg,KOLINK Classic Power,ATX,80+ Bronze,400,No,Black / Red,42.49,https://es.pcpartpicker.com/product/RHDkcf/kolink-classic-power-400-w-80-bronze-certified-atx-power-supply-kl-400v2,1,5
//cdna.pcpartpicker.com/static/forever/images/product/7cfc7e81a5e3b77b4d14ca3b214cb406.256p.jpg,Xilence XP500R6,ATX,,500,No,Black / Red,46.58,https://es.pcpartpicker.com/product/nDm323/xilence-performance-c-500w-atx-power-supply-xn042,1,3
//cdna.pcpartpicker.com/static/forever/images/product/dcea1d8cfc107ebdf7e6b7fb127f79ce.256p.jpg,KOLINK Classic Power,ATX,80+ Bronze,500,No,Black / Red,47.62,https://es.pcpartpicker.com/product/9FrYcf/kolink-classic-power-500-w-80-bronze-certified-atx-power-supply-kl-500v2,1,5
https://m.media-amazon.com/images/I/415mdL7pupL.jpg,Corsair VS450,ATX,,450,No,,49.9,https://es.pcpartpicker.com/product/k72kcf/corsair-power-supply-cp9020049ww,12,3.8
//cdna.pcpartpicker.com/static/forever/images/product/9a7973c78d2931aee46bb1ffb726fe9f.256p.jpg,Corsair CV450,ATX,80+ Bronze,450,No,Black,49.9,https://es.pcpartpicker.com/product/hfxbt6/corsair-cv450-450-w-80-bronze-certified-atx-power-supply-cp-9020209-na,15,4.8
//cdna.pcpartpicker.com/static/forever/images/product/21aab3b20b5caf766bbb2510c476a021.256p.jpg,Tacens Radix VII AG,ATX,80+ Silver,600,No,Black,51.99,https://es.pcpartpicker.com/product/Dk3H99/tacens-radix-vii-ag-600w-80-silver-certified-atx-power-supply-1rviiag600,1,4
//cdna.pcpartpicker.com/static/forever/images/product/d0d3ebb260957e2467b22e4da7192d15.256p.jpg,Cooler Master MWE Bronze V2,ATX,80+ Bronze,450,No,Black,51.99,https://es.pcpartpicker.com/product/pn9tt6/cooler-master-mwe-bronze-v2-450-w-80-bronze-certified-atx-power-supply-mpe-4501-acaab-us,1,5
https://m.media-amazon.com/images/I/41H9UtqeZkL.jpg,Cooler Master Elite V3,ATX,,500,No,Black,52.73,https://es.pcpartpicker.com/product/dmTPxr/cooler-master-elite-v3-500-w-atx-power-supply-mpw-5001-acaan1,3,4.7
//cdna.pcpartpicker.com/static/forever/images/product/76460ae84caf54fbc17dbb87fa05a3dd.256p.jpg,ADATA XPG PYLON,ATX,80+ Bronze,550,No,Black,53.99,https://es.pcpartpicker.com/product/NJzFf7/adata-xpg-pylon-550-w-80-bronze-certified-atx-power-supply-pylon550b-bkcus,4,4.5
//cdna.pcpartpicker.com/static/forever/images/product/031d2208acfec445cf62a56f9486a507.256p.jpg,KOLINK Classic Power,ATX,80+ Bronze,600,No,Black / Red,54,https://es.pcpartpicker.com/product/7ZK2FT/kolink-classic-power-600-w-80-bronze-certified-atx-power-supply-kl-600v2,1,5
//cdna.pcpartpicker.com/static/forever/images/product/1af08ba63aeb35ddc51266acec6e5573.256p.jpg,EVGA 450 BV,ATX,80+ Bronze,450,No,,54.02,https://es.pcpartpicker.com/product/4g7CmG/evga-450-bv-450-w-80-bronze-certified-atx-power-supply-100-bv-0450-k1,11,4.7
https://m.media-amazon.com/images/I/41pi3Ax3xwL.jpg,EVGA 600 W1,ATX,80+,600,No,,57,https://es.pcpartpicker.com/product/4FH48d/evga-600-w1-600-w-80-certified-atx-power-supply-100-w1-0600-k1,45,4.4
//cdna.pcpartpicker.com/static/forever/images/product/1131d67fb91696a9538861a72c9b4d36.256p.jpg,SeaSonic S12III,ATX,80+ Bronze,500,No,Black,59.3,https://es.pcpartpicker.com/product/FL3H99/seasonic-s12iii-500-w-80-bronze-certified-atx-power-supply-ssr-500gb3,17,4.7
//cdna.pcpartpicker.com/static/forever/images/product/c5ba22f3722da72a96698083cf47f9f0.256p.jpg,Gigabyte P-B,ATX,80+ Bronze,650,No,Black,59.39,https://es.pcpartpicker.com/product/HbfhP6/gigabyte-p-b-650-w-80-bronze-certified-atx-power-supply-gp-p650b,12,4.1
//cdna.pcpartpicker.com/static/forever/images/product/c45515b02278f53f5cd95192d5c57444.256p.jpg,Asus TUF Gaming 650B,ATX,80+ Bronze,650,No,Black,60.79,https://es.pcpartpicker.com/product/Dn8bt6/asus-tuf-gaming-650-w-80-bronze-certified-atx-power-supply-tuf-gaming-650b,3,4
https://m.media-amazon.com/images/I/51J5s4nQnWL.jpg,EVGA 500 BQ,ATX,80+ Bronze,500,Semi,,61.86,https://es.pcpartpicker.com/product/8P7CmG/evga-500-bq-500-w-80-bronze-certified-semi-modular-atx-power-supply-110-bq-0500-k1,101,4.6
//cdna.pcpartpicker.com/static/forever/images/product/979ead80d55ec2cdef446e738ccd9805.256p.jpg,BitFenix Formula Gold 450,ATX,80+ Gold,450,No,,61.99,https://es.pcpartpicker.com/product/jfs8TW/bitfenix-formula-gold-450w-80-gold-certified-atx-power-supply-bp-fm450ulag-7r,2,5
https://images-na.ssl-images-amazon.com/images/I/41cXAmhkmtL.jpg,Logisys PS480D,ATX,,480,No,,62,https://es.pcpartpicker.com/product/qnR48d/logisys-power-supply-ps480d,2,1
//cdna.pcpartpicker.com/static/forever/images/product/b947717c761b539be4045f28c94c99e8.256p.jpg,be quiet! Pure Power 11,ATX,80+ Gold,400,No,Black,62.73,https://es.pcpartpicker.com/product/t8c48d/be-quiet-pure-power-11-400-w-80-gold-certified-atx-power-supply-bn292,1,5
https://m.media-amazon.com/images/I/51eNBfaK5SL.jpg,Logisys PS480D2,ATX,,480,No,,63,https://es.pcpartpicker.com/product/73YXsY/logisys-power-supply-ps480d2,1,2
//cdna.pcpartpicker.com/static/forever/images/product/6bdaac89a1675f66238a17335eb22cd6.256p.jpg,be quiet! System Power 9 500 CM,ATX,80+ Bronze,500,Semi,Black,63.96,https://es.pcpartpicker.com/product/pyFKHx/be-quiet-system-power-9-cm-500-w-80-bronze-certified-semi-modular-atx-power-supply-bn301,1,5
//cdna.pcpartpicker.com/static/forever/images/product/c55ce37a8e56f3fa8edb0fb71bed9bfa.256p.jpg,be quiet! System Power 9,ATX,80+ Bronze,600,No,Black,64.97,https://es.pcpartpicker.com/product/Wkprxr/be-quiet-system-power-9-600-w-80-bronze-certified-atx-power-supply-bn247,10,4.7
//cdna.pcpartpicker.com/static/forever/images/product/1fae6f9231112f3996aa2e7a2d3e862c.256p.jpg,EVGA 600 BR,ATX,80+ Bronze,600,No,,65.27,https://es.pcpartpicker.com/product/r2TPxr/evga-600-br-600-w-80-bronze-certified-atx-power-supply-100-br-0600-k1,36,4.6
//cdna.pcpartpicker.com/static/forever/images/product/b2f621670b41b6521f975cf1c5449881.256p.jpg,KOLINK ENCLAVE,ATX,80+ Gold,500,Full,Black / Yellow,65.79,https://es.pcpartpicker.com/product/QhJmP6/kolink-enclave-500-w-80-gold-certified-fully-modular-atx-power-supply-kl-g500fm,3,4.7
//cdna.pcpartpicker.com/static/forever/images/product/d362cef866c7c705972003a8fa724000.256p.jpg,Cooler Master MWE Bronze V2,ATX,80+ Bronze,650,No,Black,67.33,https://es.pcpartpicker.com/product/qJpmP6/cooler-master-mwe-bronze-v2-650-w-80-bronze-certified-atx-power-supply-mpe-6501-acaab-us,8,3.8
//cdna.pcpartpicker.com/static/forever/images/product/9a7973c78d2931aee46bb1ffb726fe9f.256p.jpg,Corsair CV550,ATX,80+ Bronze,550,No,Black,67.9,https://es.pcpartpicker.com/product/HcgQzy/corsair-cv550-550-w-80-bronze-certified-atx-power-supply-cp-9020210-na,12,4.6
https://m.media-amazon.com/images/I/51+HIKuR8CL.jpg,SeaSonic M12II,ATX,80+ Bronze,520,No,,68.3,https://es.pcpartpicker.com/product/fZyFf7/seasonic-power-supply-s12ii520bronze,28,4.7
//cdna.pcpartpicker.com/static/forever/images/product/7649110de6794d36c672cbe849689cad.256p.jpg,be quiet! System Power 9,ATX,80+ Bronze,500,No,Black,68.62,https://es.pcpartpicker.com/product/b37v6h/be-quiet-system-power-9-500-w-80-bronze-certified-atx-power-supply-bn246,10,4.9
//cdna.pcpartpicker.com/static/forever/images/product/6bd358b414b01fed34e84151a3cb87c8.256p.jpg,KOLINK ENCLAVE,ATX,80+ Gold,600,Full,Black / Yellow,68.7,https://es.pcpartpicker.com/product/FxQfrH/kolink-enclave-600-w-80-gold-certified-fully-modular-atx-power-supply-kl-g600fm,4,4.2
https://m.media-amazon.com/images/I/51uaiqVqo6L.jpg,Cooler Master MWE Bronze V2,ATX,80+ Bronze,700,No,Black,68.79,https://es.pcpartpicker.com/product/KLdrxr/cooler-master-mwe-bronze-v2-700-w-80-bronze-certified-atx-power-supply-mpe-7001-acaab-us,1,5
//cdna.pcpartpicker.com/static/forever/images/product/da19df68c60fc5677ab341a161d4413d.256p.jpg,Asus TUF Gaming B,ATX,80+ Bronze,550,No,Black,69.9,https://es.pcpartpicker.com/product/RkjBD3/asus-tuf-gaming-b-550-w-80-bronze-certified-atx-power-supply-tuf-gaming-550b,1,5
https://m.media-amazon.com/images/I/41FxTFFeX4L.jpg,Gigabyte P450B,ATX,80+ Bronze,450,No,Black,69.9,https://es.pcpartpicker.com/product/LZMTwP/gigabyte-p-b-450-w-80-bronze-certified-atx-power-supply-gp-p450b,8,4.4
//cdna.pcpartpicker.com/static/forever/images/product/a32b39c06832c717045c1c4c490ff572.256p.jpg,Corsair CV650,ATX,80+ Bronze,650,No,Black,69.98,https://es.pcpartpicker.com/product/cY2bt6/corsair-cv650-650-w-80-bronze-certified-atx-power-supply-cp-9020236-na,17,4.6
//cdna.pcpartpicker.com/static/forever/images/product/d0942c9c2e9216eccf77b6a59fbca6b0.256p.jpg,EVGA 500 GD,ATX,80+ Gold,500,No,Black,70.45,https://es.pcpartpicker.com/product/vHhmP6/evga-500-gd-500-w-80-gold-certified-atx-power-supply-100-gd-0500-v1,11,4.8
//cdna.pcpartpicker.com/static/forever/images/product/c853b624fd6a9558e9bd4587a4b539eb.256p.jpg,Cooler Master MWE White V2 230V,ATX,80+,650,No,Black,72.04,https://es.pcpartpicker.com/product/qkbCmG/cooler-master-mwe-white-v2-230v-650-w-80-certified-atx-power-supply-mpe-6501-acabw-eu,2,4
//cdna.pcpartpicker.com/static/forever/images/product/313b10abf57f6786496030e128c00ab1.256p.jpg,BitFenix Formula Gold 550,ATX,80+ Gold,550,No,,72.98,https://es.pcpartpicker.com/product/zBfmP6/bitfenix-formula-gold-550w-80-gold-certified-atx-power-supply-bp-fm550ulag-7r,3,5
https://images-na.ssl-images-amazon.com/images/I/51Fj102BxXL.jpg,XFX XT,ATX,80+ Bronze,500,No,,73,https://es.pcpartpicker.com/product/bTnG3C/xfx-power-supply-p1500bxtfr,1,5
https://m.media-amazon.com/images/I/41T0ZPZ94DL.jpg,CoolMax V-400,ATX,,400,No,,73,https://es.pcpartpicker.com/product/3XQypg/coolmax-power-supply-v400,5,4
//cdna.pcpartpicker.com/static/forever/images/product/c69f827e9fced5699ba7faaba6e73512.256p.jpg,Cooler Master MWE Bronze V2,ATX,80+ Bronze,750,No,Black,73.26,https://es.pcpartpicker.com/product/Qn9tt6/cooler-master-mwe-bronze-v2-750-w-80-bronze-certified-atx-power-supply-mpe-7501-acaab-us,3,5
//cdna.pcpartpicker.com/static/forever/images/product/ed4d5da91285cfe1f9360ff41b975c97.256p.jpg,Silverstone SST-TX300,TFX,80+ Bronze,300,No,Black,73.44,https://es.pcpartpicker.com/product/msMwrH/silverstone-300-w-80-bronze-certified-tfx-power-supply-sst-tx300,1,5
https://m.media-amazon.com/images/I/41fF-4VeSsL.jpg,Gigabyte P750GM,ATX,80+ Gold,750,Full,Black,73.8,https://es.pcpartpicker.com/product/RhH8TW/gigabyte-750-w-80-gold-certified-fully-modular-atx-power-supply-gp-p750gm,24,4.6
//cdna.pcpartpicker.com/static/forever/images/product/779d0e1e131d6b129fb788443f95b407.256p.jpg,SeaSonic S12III,ATX,80+ Bronze,650,No,Black,74.4,https://es.pcpartpicker.com/product/Rxprxr/seasonic-s12iii-650-w-80-bronze-certified-atx-power-supply-ssr-650gb3,23,4.6
//cdna.pcpartpicker.com/static/forever/images/product/e3f5e5e966e562c1ec685b17ed83bccb.256p.jpg,Corsair CX750M (2021),ATX,80+ Bronze,750,Semi,Black,74.84,https://es.pcpartpicker.com/product/JkKKHx/corsair-cx750m-2021-750-w-80-bronze-certified-semi-modular-atx-power-supply-cp-9020222-na,1,5
//cdna.pcpartpicker.com/static/forever/images/product/dedd744011a7b2348735f4c3e121d3d4.256p.jpg,Xilence Performance A+ III,ATX,80+ Bronze,650,No,Black / Red,75.16,https://es.pcpartpicker.com/product/9ydrxr/xilence-performance-aiii-650-w-80-bronze-certified-atx-power-supply-xn085,1,4
//cdna.pcpartpicker.com/static/forever/images/product/7ce0f65e246d927064e84084928ba920.256p.jpg,Cooler Master MWE Bronze V2,ATX,80+ Bronze,600,No,Black,75.18,https://es.pcpartpicker.com/product/gxxbt6/cooler-master-mwe-bronze-v2-600-w-80-bronze-certified-atx-power-supply-mpe-6001-acaab-us,1,4
//cdna.pcpartpicker.com/static/forever/images/product/df3b2fb9bbbc6802fb8e3b4de46c8fc1.256p.jpg,Aerocool Integrator MOD XT,ATX,80+ Bronze,750,Semi,Black / Red,75.5,https://es.pcpartpicker.com/product/mZxRsY/aerocool-integrator-mod-xt-750-w-80-bronze-certified-semi-modular-atx-power-supply-acpb-it75akc12,1,5
//cdna.pcpartpicker.com/static/forever/images/product/fc6cedca625fa6a6f7922ea5472d5740.256p.jpg,KOLINK ENCLAVE,ATX,80+ Gold,700,Full,Black / Yellow,75.68,https://es.pcpartpicker.com/product/3dYQzy/kolink-enclave-700-w-80-gold-certified-fully-modular-atx-power-supply-kl-g700fm,3,4.3
https://m.media-amazon.com/images/I/512voawCsuL.jpg,EVGA 600 BQ,ATX,80+ Bronze,600,Semi,,75.85,https://es.pcpartpicker.com/product/DmWrxr/evga-600-bq-600-w-80-bronze-certified-semi-modular-atx-power-supply-110-bq-0600-k1,123,4.7
//cdna.pcpartpicker.com/static/forever/images/product/c55ce37a8e56f3fa8edb0fb71bed9bfa.256p.jpg,be quiet! System Power 9,ATX,80+ Bronze,400,No,Black,76.56,https://es.pcpartpicker.com/product/2PZFf7/be-quiet-system-power-9-400-w-80-bronze-certified-atx-power-supply-bn245,5,4.4
https://m.media-amazon.com/images/I/41Kkb+PsqvS.jpg,SeaSonic B12 BC,ATX,80+ Bronze,650,No,,76.72,https://es.pcpartpicker.com/product/t7bTwP/seasonic-b12-bc-650-w-80-bronze-certified-atx-power-supply-b12-bc-650,1,4
//cdna.pcpartpicker.com/static/forever/images/product/b39e86115644d4d2cdbf99faadea4779.256p.jpg,BitFenix Whisper M,ATX,80+ Gold,450,Full,,76.98,https://es.pcpartpicker.com/product/cg4NnQ/bitfenix-whisper-m-450w-80-gold-certified-fully-modular-atx-power-supply-bp-wg450umag-7fm,1,5
//cdna.pcpartpicker.com/static/forever/images/product/76460ae84caf54fbc17dbb87fa05a3dd.256p.jpg,ADATA XPG PYLON,ATX,80+ Bronze,650,No,Black,78.19,https://es.pcpartpicker.com/product/LWYQzy/adata-xpg-pylon-650-w-80-bronze-certified-atx-power-supply-pylon650b-bkcus,1,5
https://m.media-amazon.com/images/I/41ld3JHKgpS.jpg,Corsair CV750,ATX,80+ Bronze,750,No,Black,78.65,https://es.pcpartpicker.com/product/q8C48d/corsair-cv750-750-w-80-bronze-certified-atx-power-supply-cp-9020237-na,4,4
https://m.media-amazon.com/images/I/41Z9zhv3UDL.jpg,Thermaltake Smart BM2,ATX,80+ Bronze,650,Semi,Black,78.8,https://es.pcpartpicker.com/product/kPPgXL/thermaltake-smart-bm2-650-w-80-bronze-certified-semi-modular-atx-power-supply-ps-spd-0650mnfabu-1,1,4
//cdna.pcpartpicker.com/static/forever/images/product/298719d89d528ce5795b3013fb06f427.256p.jpg,SHARKOON WPM Gold Zero 550,ATX,80+ Gold,550,Semi,Black,79.9,https://es.pcpartpicker.com/product/Kt4BD3/sharkoon-wpm-gold-zero-550-w-80-gold-certified-semi-modular-atx-power-supply-4044951026548,2,4.5
//cdna.pcpartpicker.com/static/forever/images/product/a1a1462094e1fd9669d61b675ce8d8e7.256p.jpg,Thermaltake TR2,ATX,,430,No,,80,https://es.pcpartpicker.com/product/47Qypg/thermaltake-power-supply-w0070,8,3.9
https://m.media-amazon.com/images/I/41udjeGaisS.jpg,Corsair CX550M,ATX,80+ Bronze,550,Semi,,80.59,https://es.pcpartpicker.com/product/3hkwrH/corsair-power-supply-cp9020102na,173,4.6
//cdna.pcpartpicker.com/static/forever/images/product/c8f6598e0011fc5c5d5dcc03a67ceca9.256p.jpg,CoolMax I-500,ATX,,500,No,,82,https://es.pcpartpicker.com/product/WzfmP6/coolmax-power-supply-i500,1,2
//cdna.pcpartpicker.com/static/forever/images/product/cb871f8cf187922a16a18e53f17366ff.256p.jpg,EVGA 700 BR,ATX,80+ Bronze,700,No,,82.7,https://es.pcpartpicker.com/product/2gprxr/evga-700-br-700-w-80-bronze-certified-atx-power-supply-100-br-0700-k1,22,4.6
https://m.media-amazon.com/images/I/41d3mr5PZqL.jpg,Deepcool DQ750ST,ATX,80+ Gold,750,No,,83,https://es.pcpartpicker.com/product/D3Z2FT/deepcool-power-supply-dq750st,2,5
//cdna.pcpartpicker.com/static/forever/images/product/6706a25e270992133bf9ed01ac38e124.256p.jpg,be quiet! System Power 9 700 CM,ATX,80+ Bronze,700,Semi,Black,84.49,https://es.pcpartpicker.com/product/HHRgXL/be-quiet-system-power-9-cm-700-w-80-bronze-certified-semi-modular-atx-power-supply-bn303,2,4.5
//cdna.pcpartpicker.com/static/forever/images/product/dfd0dd68c1afd16bc91845d8ba4e265b.256p.jpg,SeaSonic CORE GM,ATX,80+ Gold,500,Semi,Black,85.99,https://es.pcpartpicker.com/product/CC9tt6/seasonic-core-gm-500-w-80-gold-certified-semi-modular-atx-power-supply-core-gm-500,6,5
//cdna.pcpartpicker.com/static/forever/images/product/b889c2e79091c6adcac24511c10210ad.256p.jpg,Antec VP PLUS,ATX,80+,700,No,Black,86.22,https://es.pcpartpicker.com/product/WnzhP6/antec-vp-plus-700-w-80-certified-atx-power-supply-vp700p-plus,1,5
//cdna.pcpartpicker.com/static/forever/images/product/88cf41a1004078b5dc6a0be2942e7ed4.256p.jpg,EVGA 600 GD,ATX,80+ Gold,600,No,Black,86.25,https://es.pcpartpicker.com/product/Xgwkcf/evga-600-gd-600-w-80-gold-certified-atx-power-supply-100-gd-0600-v1,10,4.6
https://m.media-amazon.com/images/I/412Om9NpBbL.jpg,Thermaltake Smart BM2,ATX,80+ Bronze,750,Semi,Black,86.67,https://es.pcpartpicker.com/product/rfqBD3/thermaltake-smart-bm2-750-w-80-bronze-certified-semi-modular-atx-power-supply-ps-spd-0750mnfabu-1,1,4
//cdna.pcpartpicker.com/static/forever/images/product/ae24d30d91b17c988bdab5265cc9f529.256p.jpg,be quiet! Pure Power 11 CM,ATX,80+ Gold,500,Semi,Black,89.35,https://es.pcpartpicker.com/product/qpvbt6/be-quiet-pure-power-11-cm-500-w-80-gold-certified-semi-modular-atx-power-supply-bn297,8,4.8
https://m.media-amazon.com/images/I/51YUOjSvMCL.jpg,SeaSonic SSP-300SUG,Flex ATX,80+ Gold,300,No,,89.79,https://es.pcpartpicker.com/product/7qmxFT/seasonic-power-supply-ssp300sug,1,5
//cdna.pcpartpicker.com/static/forever/images/product/431e49b3edec52c475f74f1b4227ee53.256p.jpg,Thermaltake TR2 S,ATX,80+,650,No,,90.14,https://es.pcpartpicker.com/product/prZ2FT/thermaltake-tr2-s-650-w-80-certified-atx-power-supply-trs-0650p-2,2,4
//cdna.pcpartpicker.com/static/forever/images/product/f44aab9e6ecddf45fb3666ad99123ec1.256p.jpg,EVGA 650 GQ,ATX,80+ Gold,650,Semi,,90.15,https://es.pcpartpicker.com/product/kz7CmG/evga-650-gq-650-w-80-gold-certified-semi-modular-atx-power-supply-210-gq-0650,103,4.9
https://images-na.ssl-images-amazon.com/images/I/41yjY3yXTgL.jpg,Thermaltake TR2,ATX,,500,No,,92,https://es.pcpartpicker.com/product/bb3RsY/thermaltake-power-supply-tr500,18,4.3
//cdna.pcpartpicker.com/static/forever/images/product/b60963afcf18a78544b818fbfa02e921.256p.jpg,Cooler Master MasterWatt,ATX,80+ Bronze,750,Semi,Black,92.5,https://es.pcpartpicker.com/product/m3HRsY/cooler-master-masterwatt-750w-80-bronze-certified-semi-modular-atx-power-supply-mpx-7501-amaabus,14,4.5
//cdna.pcpartpicker.com/static/forever/images/product/4437160845ca058ad60803a60d4ed7f1.256p.jpg,SeaSonic CORE GM,ATX,80+ Gold,650,Semi,Black,95.05,https://es.pcpartpicker.com/product/sMrYcf/seasonic-core-gm-650-w-80-gold-certified-semi-modular-atx-power-supply-core-gm-650,10,4.9
//cdna.pcpartpicker.com/static/forever/images/product/f8c1ad47e393d4f927d010643c61bc8e.256p.jpg,EVGA 700 GD,ATX,80+ Gold,700,No,Black,95.21,https://es.pcpartpicker.com/product/hRJmP6/evga-700-gd-700-w-80-gold-certified-atx-power-supply-100-gd-0700-v1,13,4.5
https://m.media-amazon.com/images/I/51GfcLl+1WL.jpg,EVGA 850 BQ,ATX,80+ Bronze,850,Semi,,95.47,https://es.pcpartpicker.com/product/kGL7YJ/evga-850-bq-850-w-80-bronze-certified-semi-modular-atx-power-supply-110-bq-0850-v1,22,4.8
//cdna.pcpartpicker.com/static/forever/images/product/17cbb114d68040ad17ad309e7deb6b79.256p.jpg,be quiet! Pure Power 11,ATX,80+ Bronze,300,No,Black,97.37,https://es.pcpartpicker.com/product/HzrmP6/be-quiet-pure-power-11-300-w-80-gold-certified-atx-power-supply-bn290,2,4
https://m.media-amazon.com/images/I/41p8+JzLeYL.jpg,be quiet! Straight Power 11 550W,ATX,80+ Gold,550,Full,,97.91,https://es.pcpartpicker.com/product/3Vc48d/be-quiet-straight-power-11-550w-80-gold-certified-fully-modular-atx-power-supply-bn281,5,5
//cdna.pcpartpicker.com/static/forever/images/product/a39289b41b92d2d387a165aca1af3c9d.256p.jpg,SeaSonic FOCUS GX,ATX,80+ Gold,550,Full,Black,98,https://es.pcpartpicker.com/product/3H2bt6/seasonic-focus-gx-550-w-80-gold-certified-fully-modular-atx-power-supply-focus-gx-550,21,5
https://m.media-amazon.com/images/I/51C+mckVn5L.jpg,Silverstone SST-FX350-G,Flex ATX,80+ Gold,350,No,Black,98.03,https://es.pcpartpicker.com/product/cDndnQ/silverstone-350-w-80-gold-certified-flex-atx-power-supply-sst-fx350-g,2,4.5
//cdna.pcpartpicker.com/static/forever/images/product/88264eb920d32643130343d8f17b532b.256p.jpg,EVGA SuperNOVA 650 G5,ATX,80+ Gold,650,Full,Black / Green,98.62,https://es.pcpartpicker.com/product/3gJmP6/evga-supernova-650-g5-650-w-80-gold-certified-fully-modular-atx-power-supply-220-g5-0650-x1,25,4.9
//cdna.pcpartpicker.com/static/forever/images/product/abe30b855e6348f91ea6209ce62807be.256p.jpg,Thermaltake Toughpower GF1 PE,ATX,80+ Gold,750,Full,Black,98.8,https://es.pcpartpicker.com/product/dJmFf7/thermaltake-toughpower-gf1-pe-750-w-80-gold-certified-fully-modular-atx-power-supply-ps-tpd-0750fnfagu-1,14,4.6
//cdna.pcpartpicker.com/static/forever/images/product/cfee730bf98810ab82afed241e306420.256p.jpg,Phanteks AMP,ATX,80+ Gold,650,Full,Black,99.9,https://es.pcpartpicker.com/product/4xGnTW/phanteks-amp-650-w-80-gold-certified-fully-modular-atx-power-supply-ph-p650g_us01,7,5
//cdna.pcpartpicker.com/static/forever/images/product/14006f097772a18096431e1627300499.256p.jpg,Cooler Master MWE GOLD 750 V2 FULL MODULAR,ATX,80+ Gold,750,Full,Black,99.99,https://es.pcpartpicker.com/product/sscG3C/cooler-master-mwe-gold-v2-750-w-80-gold-certified-fully-modular-atx-power-supply-mpe-7501-afaag-us,3,5
https://m.media-amazon.com/images/I/513yIJ35+NL.jpg,Thermaltake Toughpower GF1 PE,ATX,80+ Gold,650,Full,,99.99,https://es.pcpartpicker.com/product/zDMTwP/thermaltake-toughpower-gf1-pe-650-w-80-gold-certified-fully-modular-atx-power-supply-ps-tpd-0650fnfagu-1,9,4.4
//cdna.pcpartpicker.com/static/forever/images/product/f63dbebdd9160620b715b39e0ad883c9.256p.jpg,be quiet! Pure Power 11 CM,ATX,80+ Gold,700,Semi,Black,100.66,https://es.pcpartpicker.com/product/QDvbt6/be-quiet-pure-power-11-cm-700-w-80-gold-certified-semi-modular-atx-power-supply-bn299,6,4.3
//cdna.pcpartpicker.com/static/forever/images/product/c21749bdc459873bd52694d0d91907b6.256p.jpg,be quiet! Pure Power 11 FM 650,ATX,80+ Gold,650,Full,Black,100.66,https://es.pcpartpicker.com/product/xJRYcf/be-quiet-pure-power-11-fm-650-w-80-gold-certified-fully-modular-atx-power-supply-bn671,3,5
https://m.media-amazon.com/images/I/51wdz5LHGpL.jpg,SHARKOON SilentStorm,SFX,80+ Gold,500,Full,Black,100.73,https://es.pcpartpicker.com/product/BpF48d/sharkoon-silentstorm-500w-80-gold-certified-fully-modular-sfx-power-supply-4044951016419,3,4.7
https://m.media-amazon.com/images/I/51qTcBIn0hL.jpg,EVGA 650 BQ,ATX,80+ Bronze,650,Semi,,101.18,https://es.pcpartpicker.com/product/8RvZxr/evga-650-bq-650-w-80-bronze-certified-semi-modular-atx-power-supply-110-bq-0650-v1,52,4.5
https://m.media-amazon.com/images/I/415cBUPLspL.jpg,LEPA MaxBron,ATX,80+ Bronze,800,Semi,,102,https://es.pcpartpicker.com/product/67mLrH/lepa-power-supply-b800mb,1,3
//cdna.pcpartpicker.com/static/forever/images/product/ba980adaab9d78bdc3290de17c34073e.256p.jpg,Corsair RM650 (2019),ATX,80+ Gold,650,Full,Black,102,https://es.pcpartpicker.com/product/WxL48d/corsair-rm-2019-650-w-80-gold-certified-fully-modular-atx-power-supply-cp-9020194-na,66,4.9
//cdna.pcpartpicker.com/static/forever/images/product/3bf5e735214e4c6b833ac57b4dd36bfb.256p.jpg,BitFenix Formula Gold 650,ATX,80+ Gold,650,No,,102.76,https://es.pcpartpicker.com/product/B8RFf7/bitfenix-formula-gold-650w-80-gold-certified-atx-power-supply-bp-fm650ulag-7r,2,4.5
//cdna.pcpartpicker.com/static/forever/images/product/31d5ff64dc070541b7bc68c7757d2830.256p.jpg,Thermaltake TR2,ATX,,600,No,,103,https://es.pcpartpicker.com/product/wTK7YJ/thermaltake-power-supply-tr600,36,4.1
//cdna.pcpartpicker.com/static/forever/images/product/fd62859c87471f45be49d9c88d1b43d6.256p.jpg,Deepcool DQ750-M-V2L,ATX,80+ Gold,750,Full,Black / Green,103.44,https://es.pcpartpicker.com/product/qbFKHx/deepcool-dq-m-v2l-750-w-80-gold-certified-fully-modular-atx-power-supply-dp-gd-dq750-m-v2l,7,4.9
//cdna.pcpartpicker.com/static/forever/images/product/5724813f2f7bb6c11e82c2122827cbb2.256p.jpg,be quiet! Pure Power 11 CM,ATX,80+ Gold,600,Semi,Black,104.3,https://es.pcpartpicker.com/product/K3Jtt6/be-quiet-pure-power-11-cm-600-w-80-gold-certified-semi-modular-atx-power-supply-bn298,8,4.8
https://m.media-amazon.com/images/I/51B2P0gTxOL.jpg,EVGA 750 B3,ATX,80+ Bronze,850,Full,,104.95,https://es.pcpartpicker.com/product/tjM323/evga-750-b3-850-w-80-bronze-certified-fully-modular-atx-power-supply-220-b3-0850-v1,6,5
//cdna.pcpartpicker.com/static/forever/images/product/556ec77a3181c96b79f63fac69511d51.256p.jpg,Raidmax RX-530SS,ATX,,530,Semi,,105,https://es.pcpartpicker.com/product/BtTmP6/raidmax-power-supply-rx530ss,17,4
//cdna.pcpartpicker.com/static/forever/images/product/1cab6f69972391a130fe7fe00228e347.256p.jpg,BitFenix Whisper M,ATX,80+ Gold,650,Full,,105.72,https://es.pcpartpicker.com/product/DQx9TW/bitfenix-whisper-m-650w-80-gold-certified-fully-modular-atx-power-supply-bp-wg650umag-7fm,1,5
https://m.media-amazon.com/images/I/41p8+JzLeYL.jpg,be quiet! Straight Power 11 650W,ATX,80+ Gold,650,Full,,105.72,https://es.pcpartpicker.com/product/Rj22FT/be-quiet-straight-power-11-650w-80-gold-certified-fully-modular-atx-power-supply-bn282,9,4.8
//cdna.pcpartpicker.com/static/forever/images/product/0255e6064c82e964e2f97a14c406624c.256p.jpg,Corsair RM550x (2018),ATX,80+ Gold,550,Full,Black / Silver,105.81,https://es.pcpartpicker.com/product/bqVD4D/corsair-rmx-2018-550w-80-gold-certified-fully-modular-atx-power-supply-cp-9020177-na,27,4.8
//cdna.pcpartpicker.com/static/forever/images/product/24e1863d77642a93933b960607620266.256p.jpg,SHARKOON SilentStorm Cool Zero 650,ATX,80+ Gold,650,Full,Black,105.9,https://es.pcpartpicker.com/product/tzMTwP/sharkoon-silentstorm-cool-zero-650-w-80-gold-certified-fully-modular-atx-power-supply-4044951026463,1,4
//cdna.pcpartpicker.com/static/forever/images/product/69c7679bbfccb706c80f41b452d36f54.256p.jpg,MSI MPG A650GF,ATX,80+ Gold,650,Full,Black,105.9,https://es.pcpartpicker.com/product/bq6qqs/msi-mpg-a650gf-650-w-80-gold-certified-fully-modular-atx-power-supply-mpg-a650gf,18,4.7
//cdna.pcpartpicker.com/static/forever/images/product/933b1005478f139d7caf504efce06dad.256p.jpg,be quiet! SFX L Power,SFX,80+ Gold,500,Full,,106.08,https://es.pcpartpicker.com/product/vJx2FT/be-quiet-sfx-l-power-500-w-80-gold-certified-fully-modular-sfx-power-supply-bn214,2,5
//cdna.pcpartpicker.com/static/forever/images/product/2488a530ab10a5faabf9346042c6e5dc.256p.jpg,be quiet! Straight Power 10,ATX,80+ Gold,600,No,,107.36,https://es.pcpartpicker.com/product/qQqbt6/be-quiet-power-supply-bn232,1,5
//cdna.pcpartpicker.com/static/forever/images/product/ce830eee6e61a9eba3055a7645673a74.256p.jpg,Gigabyte P850GM,ATX,80+ Gold,850,Full,Black,107.5,https://es.pcpartpicker.com/product/9PrYcf/gigabyte-850-w-80-gold-certified-fully-modular-atx-power-supply-gp-p850gm,14,4.5
//cdna.pcpartpicker.com/static/forever/images/product/eacfd7e698906919e899240734a0262b.256p.jpg,EVGA 750 BQ,ATX,80+ Bronze,750,Semi,,107.82,https://es.pcpartpicker.com/product/xLs8TW/evga-750-bq-750-w-80-bronze-certified-semi-modular-atx-power-supply-110-bq-0750-v1,42,4.7
//cdna.pcpartpicker.com/static/forever/images/product/e761ed71695bec57e2110d9a67c7ba14.256p.jpg,Enermax Revolution D.F.,ATX,80+ Gold,650,Full,Black,107.92,https://es.pcpartpicker.com/product/n34BD3/enermax-revolution-df-650-w-80-gold-certified-fully-modular-atx-power-supply-erf650awt,6,4.7
//cdna.pcpartpicker.com/static/forever/images/product/b624497b6d3a1589cfc26c69467f05c8.256p.jpg,EVGA 500 BR,ATX,80+ Bronze,500,No,,108,https://es.pcpartpicker.com/product/kCtQzy/evga-500-br-500-w-80-bronze-certified-atx-power-supply-100-br-0500-k1,70,4.7
https://m.media-amazon.com/images/I/51qxmzJk9-L.jpg,Cooler Master MasterWatt 550,ATX,80+ Bronze,550,Semi,,108.39,https://es.pcpartpicker.com/product/B6XnTW/cooler-master-masterwatt-550w-80-bronze-certified-semi-modular-atx-power-supply-mpx-5501-amaab-us,26,4.2
https://m.media-amazon.com/images/I/41p5IDJCWlL.jpg,NZXT C750,ATX,80+ Bronze,750,Semi,Black,109.1,https://es.pcpartpicker.com/product/dxt9TW/nzxt-c-750-w-80-bronze-certified-semi-modular-atx-power-supply-pa-7b1bb-us,1,5
https://m.media-amazon.com/images/I/41p8+JzLeYL.jpg,be quiet! Straight Power 11 450W,ATX,80+ Gold,450,Full,,109.66,https://es.pcpartpicker.com/product/FF8j4D/be-quiet-straight-power-11-450w-80-gold-certified-fully-modular-atx-power-supply-bn280,2,4.5
//cdna.pcpartpicker.com/static/forever/images/product/560008c2957aa1a6f02b58f20b039e28.256p.jpg,BitFenix Formula Gold 750,ATX,80+ Gold,750,No,,109.66,https://es.pcpartpicker.com/product/Tsbkcf/bitfenix-formula-gold-750w-80-gold-certified-atx-power-supply-bp-fm750ulag-7r,2,4.5
//cdna.pcpartpicker.com/static/forever/images/product/6fb5684f6e407aee4ed7563e40562a20.256p.jpg,Gigabyte AORUS P GM,ATX,80+ Gold,750,Full,Black / Silver,110.89,https://es.pcpartpicker.com/product/8V6qqs/gigabyte-aorus-p-gm-750-w-80-gold-certified-fully-modular-atx-power-supply-gp-ap750gm,3,4
//cdna.pcpartpicker.com/static/forever/images/product/a39289b41b92d2d387a165aca1af3c9d.256p.jpg,SeaSonic FOCUS GX,ATX,80+ Gold,650,Full,Black,110.99,https://es.pcpartpicker.com/product/RzfFf7/seasonic-focus-gx-650-w-80-gold-certified-fully-modular-atx-power-supply-focus-gx-650,22,4.9
//cdna.pcpartpicker.com/static/forever/images/product/801406fa0cd02e64085d789fd7a0fd7d.256p.jpg,NZXT C (2019),ATX,80+ Gold,650,Full,Black,112.74,https://es.pcpartpicker.com/product/vFmFf7/nzxt-c-650-w-80-gold-certified-fully-modular-atx-power-supply-np-c650m-us,8,5
//cdna.pcpartpicker.com/static/forever/images/product/23a8f923c23d6de30026d889136bf175.256p.jpg,Corsair CXM,ATX,80+ Bronze,750,Semi,,112.8,https://es.pcpartpicker.com/product/CVkD4D/corsair-power-supply-cx750m,301,4.6
//cdna.pcpartpicker.com/static/forever/images/product/24ef44cdf0bbd6dbfd72bb1bd22f63a5.256p.jpg,EVGA 750 GQ,ATX,80+ Gold,750,Semi,,112.99,https://es.pcpartpicker.com/product/rt8H99/evga-750-gq-750-w-80-gold-certified-semi-modular-atx-power-supply-210-gq-0750,54,4.8
//cdna.pcpartpicker.com/static/forever/images/product/98319aee12de75fdef0a2b74b918ddf5.256p.jpg,EVGA SuperNOVA 750 G6,ATX,80+ Gold,750,Full,Black,114,https://es.pcpartpicker.com/product/qH4Ycf/evga-supernova-750-g6-750-w-80-gold-certified-fully-modular-atx-power-supply-220-g6-0750-x1,5,5
//cdna.pcpartpicker.com/static/forever/images/product/236fabe55702c530f97f31fc816e61a6.256p.jpg,Corsair TX750M,ATX,80+ Gold,750,Semi,Black,114.8,https://es.pcpartpicker.com/product/J6gFf7/corsair-txm-2021-750-w-80-gold-certified-semi-modular-atx-power-supply-cp-9020230-eu,1,5
https://m.media-amazon.com/images/I/41vhvHYQsrS.jpg,Fractal Design Ion Gold,ATX,80+ Gold,550,Full,Black,115.8,https://es.pcpartpicker.com/product/7wgFf7/fractal-design-ion-gold-550-w-80-gold-certified-fully-modular-atx-power-supply-fd-p-ia2g-550,2,5
https://m.media-amazon.com/images/I/41zWiVxQlzL.jpg,be quiet! Pure Power 10 CM,ATX,80+ Silver,600,Semi,,116.26,https://es.pcpartpicker.com/product/GMYWGX/be-quiet-pure-power-10-cm-600w-80-silver-certified-semi-modular-atx-power-supply-bn278,1,5
//cdna.pcpartpicker.com/static/forever/images/product/cf7a8ae258b039ec78859d56cb2a9564.256p.jpg,Cooler Master V750 SFX GOLD,SFX,80+ Gold,750,Full,Black,116.57,https://es.pcpartpicker.com/product/vr9tt6/cooler-master-v-sfx-gold-750-w-80-gold-certified-fully-modular-sfx-power-supply-mpy-7501-sfhagv-us,10,4.7
//cdna.pcpartpicker.com/static/forever/images/product/24e1863d77642a93933b960607620266.256p.jpg,SHARKOON SilentStorm Cool Zero 750,ATX,80+ Gold,750,Full,Black,116.9,https://es.pcpartpicker.com/product/gGfFf7/sharkoon-silentstorm-cool-zero-750-w-80-gold-certified-fully-modular-atx-power-supply-4044951026470,1,4
//cdna.pcpartpicker.com/static/forever/images/product/237b36018991e28d227eaa0158bd0425.256p.jpg,Corsair RM850e,ATX,80+ Gold,850,Full,Black,117.79,https://es.pcpartpicker.com/product/qNKKHx/corsair-rm850e-850-w-80-gold-certified-fully-modular-atx-power-supply-cp-9020249-na,2,5
//cdna.pcpartpicker.com/static/forever/images/product/cfee730bf98810ab82afed241e306420.256p.jpg,Phanteks AMP,ATX,80+ Gold,550,Full,Black,118.9,https://es.pcpartpicker.com/product/Y3bCmG/phanteks-amp-550-w-80-gold-certified-fully-modular-atx-power-supply-ph-p550g_us01,9,5
//cdna.pcpartpicker.com/static/forever/images/product/b95f70942887be6e60372bd500baafa4.256p.jpg,SeaSonic Core GC,ATX,80+ Gold,650,No,Black,118.94,https://es.pcpartpicker.com/product/YqVG3C/seasonic-core-gc-650-w-80-gold-certified-atx-power-supply-core-gc-650,1,4
//cdna.pcpartpicker.com/static/forever/images/product/f894b96a2cf1382e7a0c516de114032e.256p.jpg,Cooler Master MasterWatt,ATX,80+ Bronze,650,Semi,,119.24,https://es.pcpartpicker.com/product/VGc48d/cooler-master-masterwatt-650w-80-bronze-certified-semi-modular-atx-power-supply-mpx-6501-amaab-us,21,4.3
https://m.media-amazon.com/images/I/51wOlkt6EAL.jpg,SeaSonic FOCUS Plus 550 Gold,ATX,80+ Gold,550,Full,,119.64,https://es.pcpartpicker.com/product/bkp323/seasonic-focus-plus-gold-550w-80-gold-certified-fully-modular-atx-power-supply-ssr-550fx,39,4.9
https://m.media-amazon.com/images/I/41a0XioqaqL.jpg,Silverstone Strider,ATX,80+ Gold,650,Full,,120.21,https://es.pcpartpicker.com/product/Rfw323/silverstone-power-supply-st65fg,8,5
//cdna.pcpartpicker.com/static/forever/images/product/cfee730bf98810ab82afed241e306420.256p.jpg,Phanteks AMP,ATX,80+ Gold,750,Full,Black,120.61,https://es.pcpartpicker.com/product/fq4BD3/phanteks-amp-750-w-80-gold-certified-fully-modular-atx-power-supply-ph-p750g_us01,10,4.9
//cdna.pcpartpicker.com/static/forever/images/product/8a43aaaf0a8784345429869b97bba76d.256p.jpg,Super Flower Leadex III Gold,ATX,80+ Gold,650,Full,Black,120.91,https://es.pcpartpicker.com/product/VbhmP6/super-flower-leadex-iii-gold-650-w-80-gold-certified-fully-modular-atx-power-supply-sf-650f14hg,5,4.6
//cdna.pcpartpicker.com/static/forever/images/product/d11a4acccc8257ac5e09c2dbc802b8ca.256p.jpg,Cooler Master MWE Bronze V2,ATX,80+ Bronze,550,No,Black,120.92,https://es.pcpartpicker.com/product/MxGnTW/cooler-master-mwe-bronze-v2-550-w-80-bronze-certified-atx-power-supply-mpe-5501-acaabus,10,4.5
//cdna.pcpartpicker.com/static/forever/images/product/134c2df91872591a7ab32387f3aa5a1b.256p.jpg,Thermaltake Toughpower GF1 PE,ATX,80+ Gold,850,Full,Black,121.8,https://es.pcpartpicker.com/product/P7pmP6/thermaltake-toughpower-gf1-pe-850-w-80-gold-certified-fully-modular-atx-power-supply-ps-tpd-0850fnfagu-1,32,4.8
//cdna.pcpartpicker.com/static/forever/images/product/923d08dddeefd9976e03c76d149efb01.256p.jpg,SeaSonic FOCUS,ATX,80+ Platinum,550,Full,Black,122.98,https://es.pcpartpicker.com/product/8jZzK8/seasonic-focus-550-w-80-platinum-certified-fully-modular-atx-power-supply-focus-px-550,1,5
//cdna.pcpartpicker.com/static/forever/images/product/6803a626d1ae9464859541fa1fa3beae.256p.jpg,Thermaltake Toughpower Grand RGB 650 SE,ATX,80+ Gold,650,Full,Black,123.3,https://es.pcpartpicker.com/product/LQx2FT/thermaltake-toughpower-grand-rgb-sync-edition-650w-80-gold-certified-fully-modular-fanless-atx-power-supply-ps-tpg-0650fpcgus-s,2,4.5
//cdna.pcpartpicker.com/static/forever/images/product/d488c324d0235a2ae30b4396d55850ce.256p.jpg,Enermax Revolution D.F.,ATX,80+ Gold,750,Full,Black / Silver,124.35,https://es.pcpartpicker.com/product/DvCFf7/enermax-revolution-df-750-w-80-gold-certified-fully-modular-atx-power-supply-erf750ewt,2,5
//cdna.pcpartpicker.com/static/forever/images/product/c6df4edbb596b2818cd0c5e204fb3df3.256p.jpg,Corsair RM650x (2018),ATX,80+ Gold,650,Full,Black / Silver,124.9,https://es.pcpartpicker.com/product/2HbwrH/corsair-rmx-2018-650w-80-gold-certified-fully-modular-atx-power-supply-cp-9020178-na,96,4.7
https://m.media-amazon.com/images/I/51n+W6Q-ogL.jpg,Cooler Master V650 SFX GOLD,SFX,80+ Gold,650,Full,Black,124.9,https://es.pcpartpicker.com/product/DhRgXL/cooler-master-v650-sfx-gold-650-w-80-gold-certified-fully-modular-sfx-power-supply-mpy-6501-sfhagv-us,9,4.2
https://m.media-amazon.com/images/I/51+dpCcC0vL.jpg,ARESGAME AGK,ATX,80+ Gold,850,Full,Black / Red,124.99,https://es.pcpartpicker.com/product/Xh3gXL/aresgame-agk-850-w-80-gold-certified-fully-modular-atx-power-supply-agk850,4,4.8
https://m.media-amazon.com/images/I/41d4XSLwWML.jpg,Fractal Design Ion SFX 500G,SFX,80+ Gold,500,Full,Black,125.8,https://es.pcpartpicker.com/product/VMCFf7/fractal-design-ion-sfx-l-500-w-80-gold-certified-fully-modular-sfx-power-supply-fd-psu-ion-sfx-500g-bk,8,3.9
//cdna.pcpartpicker.com/static/forever/images/product/8016f90e87c991b45fa23eb4d64b04bd.256p.jpg,SeaSonic FOCUS SGX,SFX,80+ Gold,500,Full,Black,126.1,https://es.pcpartpicker.com/product/rRFKHx/seasonic-focus-sgx-500-w-80-gold-certified-fully-modular-sfx-power-supply-ssr-500sgx,7,5
//cdna.pcpartpicker.com/static/forever/images/product/4209ee183a6b7cc2adae27739e2ade8c.256p.jpg,ADATA XPG CORE Reactor 750,ATX,80+ Gold,750,Full,Black,126.91,https://es.pcpartpicker.com/product/DkWBD3/adata-xpg-core-reactor-750-750-w-80-gold-certified-fully-modular-atx-power-supply-corereactor750g-bkcus,7,4.3
//cdna.pcpartpicker.com/static/forever/images/product/a39289b41b92d2d387a165aca1af3c9d.256p.jpg,SeaSonic FOCUS GX,ATX,80+ Gold,750,Full,Black,126.99,https://es.pcpartpicker.com/product/97848d/seasonic-focus-gx-750-w-80-gold-certified-fully-modular-atx-power-supply-focus-gx-750,28,5
//cdna.pcpartpicker.com/static/forever/images/product/8bbad717cd1c6bbcb2ced4956dfc20a3.256p.jpg,Thermaltake Smart RGB,ATX,80+,600,No,,127,https://es.pcpartpicker.com/product/3yNv6h/thermaltake-smart-rgb-600-w-80-certified-atx-power-supply-ps-spr-0600nhfawu-1,2,4
//cdna.pcpartpicker.com/static/forever/images/product/2fd893bbd3486b3f2878a98bb949e0bb.256p.jpg,Gigabyte UD850GM,ATX,80+ Gold,850,Full,Black,127.62,https://es.pcpartpicker.com/product/VTgFf7/gigabyte-ud850gm-850-w-80-gold-certified-fully-modular-atx-power-supply-gp-ud850gm,1,4
//cdna.pcpartpicker.com/static/forever/images/product/8d735e637dc69c251928233604bb53ea.256p.jpg,Asus ROG Strix,ATX,80+ Gold,550,Full,Black / Red,128,https://es.pcpartpicker.com/product/ddJmP6/asus-rog-strix-550-w-80-gold-certified-fully-modular-atx-power-supply-rog-strix-550g,2,4.5
https://m.media-amazon.com/images/I/51udIshCHkL.jpg,Thermaltake TPD-0550M,ATX,80+ Gold,550,Semi,,128.34,https://es.pcpartpicker.com/product/N63RsY/thermaltake-power-supply-pstpd0550mpcgus1,6,5
https://images-eu.ssl-images-amazon.com/images/I/41E6a2P0i9L.jpg,SeaSonic FOCUS,ATX,80+ Platinum,650,Full,Black,128.34,https://es.pcpartpicker.com/product/x2mFf7/seasonic-focus-650-w-80-platinum-certified-fully-modular-atx-power-supply-focus-px-650,3,5
//cdna.pcpartpicker.com/static/forever/images/product/1b188238912bad1b60bbfef7d8912470.256p.jpg,Corsair RM750x (2021),ATX,80+ Gold,750,Full,Black,128.9,https://es.pcpartpicker.com/product/6NcG3C/corsair-rm750x-2021-750-w-80-gold-certified-fully-modular-atx-power-supply-cp-9020199-na,19,4.8
//cdna.pcpartpicker.com/static/forever/images/product/6526a44f05968a2e6b238ca552f25ae7.256p.jpg,EVGA 850 GQ,ATX,80+ Gold,850,Semi,,128.99,https://es.pcpartpicker.com/product/2BcMnQ/evga-850-gq-850-w-80-gold-certified-semi-modular-atx-power-supply-210-gq-0850,24,4.8
https://m.media-amazon.com/images/I/31WVhwvS0DL.jpg,be quiet! Straight Power 11,ATX,80+ Platinum,650,Full,Black,129.78,https://es.pcpartpicker.com/product/YBYQzy/be-quiet-straight-power-11-650-w-80-platinum-certified-fully-modular-atx-power-supply-bn641,4,4.5
//cdna.pcpartpicker.com/static/forever/images/product/687448ede7d2a06734c3af5c96539774.256p.jpg,MSI MPG A750GF,ATX,80+ Gold,750,Full,Black,129.99,https://es.pcpartpicker.com/product/v3VG3C/msi-mpg-a750gf-750-w-80-gold-certified-fully-modular-atx-power-supply-mpg-a750gf,19,4.9
//cdna.pcpartpicker.com/static/forever/images/product/decd68c8740d76412208eee39fef9b59.256p.jpg,BitFenix Whisper M,ATX,80+ Gold,850,Full,,132,https://es.pcpartpicker.com/product/MMrcCJ/bitfenix-whisper-m-850w-80-gold-certified-fully-modular-atx-power-supply-bp-wg850umag-7fm,1,5
//cdna.pcpartpicker.com/static/forever/images/product/7a9dedea22aa3c48ba0ae4effe9b21a3.256p.jpg,Lian Li SP,SFX,80+ Gold,750,Full,Black,132.99,https://es.pcpartpicker.com/product/3ZzhP6/lian-li-sp-750-w-80-gold-certified-fully-modular-sfx-power-supply-sp750,9,4.4
https://m.media-amazon.com/images/I/41d0Q-MmxhL.jpg,Apevia Prestige,ATX,80+ Gold,800,No,Black,133,https://es.pcpartpicker.com/product/GsNgXL/apevia-prestige-800-w-80-gold-certified-atx-power-supply-atx-rp800w,2,4
https://m.media-amazon.com/images/I/41p8+JzLeYL.jpg,be quiet! Straight Power 11 750W,ATX,80+ Gold,750,Full,,133.71,https://es.pcpartpicker.com/product/9htQzy/be-quiet-straight-power-11-750w-80-gold-certified-fully-modular-atx-power-supply-bn283,10,5
//cdna.pcpartpicker.com/static/forever/images/product/7f2d3e6773b9ab9087410c17d5c793ef.256p.jpg,Corsair RM650x (2021),ATX,80+ Gold,650,Full,Black,133.8,https://es.pcpartpicker.com/product/WJM48d/corsair-rm650x-2021-650-w-80-gold-certified-fully-modular-atx-power-supply-cp-9020198-na,7,5
//cdna.pcpartpicker.com/static/forever/images/product/1c8de6a74ea9a52f3ad7f11dfad34751.256p.jpg,Thermaltake Toughpower GF1 ARGB,ATX,80+ Gold,750,Full,,135.08,https://es.pcpartpicker.com/product/JQZzK8/thermaltake-toughpower-gf1-argb-750-w-80-gold-certified-fully-modular-atx-power-supply-ps-tpd-0750f3fagu-1,1,5
//cdna.pcpartpicker.com/static/forever/images/product/e4fdea602191f3b32ef3028488a434f9.256p.jpg,BitFenix Whisper M,ATX,80+ Gold,750,Full,,135.12,https://es.pcpartpicker.com/product/wmJkcf/bitfenix-whisper-m-750w-80-gold-certified-fully-modular-atx-power-supply-bp-wg750umag-7fm,2,4.5
https://m.media-amazon.com/images/I/51vSh6OQ1nL.jpg,Super Flower Leadex III ARGB,ATX,80+ Gold,650,Full,White,136.41,https://es.pcpartpicker.com/product/YzjNnQ/super-flower-leadex-iii-argb-650-w-80-gold-certified-fully-modular-atx-power-supply-sf-650f14rg,1,5
https://m.media-amazon.com/images/I/31w4DmLLgxL.jpg,NZXT C650,ATX,80+ Bronze,650,Semi,Black,136.52,https://es.pcpartpicker.com/product/yVC48d/nzxt-c-650-w-80-bronze-certified-semi-modular-atx-power-supply-pa-6b1bb-us,1,5
//cdna.pcpartpicker.com/static/forever/images/product/a17f19b8ff57ed588541561adb18e3f2.256p.jpg,MSI MPG A850GF,ATX,80+ Gold,850,Full,Black,137,https://es.pcpartpicker.com/product/WxZzK8/msi-mpg-a850gf-850-w-80-gold-certified-fully-modular-atx-power-supply-mpg-a850gf,13,4.5
//cdna.pcpartpicker.com/static/forever/images/product/5a564e2dfe8800a217f1e597d1137d5b.256p.jpg,Corsair RM550x (2021),ATX,80+ Gold,550,Full,Black,139.9,https://es.pcpartpicker.com/product/bRvdnQ/corsair-rm550x-2021-550-w-80-gold-certified-fully-modular-atx-power-supply-cp-9020197-na,1,5
//cdna.pcpartpicker.com/static/forever/images/product/2962078ca09cdf6f4c8e9f99c01cfe4a.256p.jpg,EVGA SuperNOVA 750 G5,ATX,80+ Gold,750,Full,Black / Green,139.97,https://es.pcpartpicker.com/product/RYH8TW/evga-supernova-750-g5-750-w-80-gold-certified-fully-modular-atx-power-supply-220-g5-0750-x1,21,4.7
//cdna.pcpartpicker.com/static/forever/images/product/b556d0abb91a467b6d2c73a8f08302e3.256p.jpg,MSI MPG A750GF WHITE,ATX,80+ Gold,750,Full,White,139.99,https://es.pcpartpicker.com/product/nFkWGX/msi-mpg-a750gf-white-750-w-80-gold-certified-fully-modular-atx-power-supply-mpg-a750gf-white,1,5
//cdna.pcpartpicker.com/static/forever/images/product/e34236b04a6fcfc3c3a5335236ffeffe.256p.jpg,XFX TS,ATX,80+ Gold,550,No,,142.12,https://es.pcpartpicker.com/product/3pqdnQ/xfx-power-supply-p1550gts3x,3,5
//cdna.pcpartpicker.com/static/forever/images/product/7442de03d7158694983538e6f54db2f4.256p.jpg,NZXT C (2019),ATX,80+ Gold,750,Full,Black,142.55,https://es.pcpartpicker.com/product/XBzFf7/nzxt-c-2019-750-w-80-gold-certified-fully-modular-atx-power-supply-np-c750m-us,15,4.9
https://m.media-amazon.com/images/I/41qUzlhfWKL.jpg,Corsair SF600,SFX,80+ Platinum,600,Full,Black,143.99,https://es.pcpartpicker.com/product/BtsmP6/corsair-sf600-600-w-80-platinum-certified-fully-modular-sfx-power-supply-cp-9020182-na,78,4.8
https://m.media-amazon.com/images/I/41WkZndqGiL.jpg,SilentiumPC Supremo FM2,ATX,80+ Gold,750,Full,Black,145.94,https://es.pcpartpicker.com/product/kMDkcf/silentiumpc-supremo-fm2-750-w-80-gold-certified-fully-modular-atx-power-supply-spc169,1,5
https://m.media-amazon.com/images/I/41uKfro0UfL.jpg,Cooler Master Silent Pro M,ATX,80+ Bronze,700,Full,,145.99,https://es.pcpartpicker.com/product/GR3RsY/cooler-master-power-supply-rs700ambad3,11,4.5
//cdna.pcpartpicker.com/static/forever/images/product/c2a8cbfae3cc72e34af4e829d2d77e32.256p.jpg,Fractal Design Ion+ 560P,ATX,80+ Platinum,560,Full,Black,147.1,https://es.pcpartpicker.com/product/YdXYcf/fractal-design-ion-560-w-80-platinum-certified-fully-modular-atx-power-supply-fd-psu-ionp-560p-bk,3,5
//cdna.pcpartpicker.com/static/forever/images/product/be943f49cf991478f5dfa9598900c80d.256p.jpg,ADATA XPG CORE Reactor 850,ATX,80+ Gold,850,Full,Black,147.43,https://es.pcpartpicker.com/product/CFbCmG/adata-xpg-core-reactor-850-850-w-80-gold-certified-fully-modular-atx-power-supply-corereactor850g-bkcus,3,4
//cdna.pcpartpicker.com/static/forever/images/product/332544e0e8da6848b9fa83947101de60.256p.jpg,SeaSonic FOCUS SGX,SFX,80+ Gold,650,Full,Black,148.99,https://es.pcpartpicker.com/product/mPdxFT/seasonic-focus-sgx-650w-80-gold-certified-fully-modular-sfx-power-supply-ssr-650sgx,23,4.7
//cdna.pcpartpicker.com/static/forever/images/product/4f19c6453ce4ebe67091e6d9735f3a19.256p.jpg,Corsair RM850x (2021),ATX,80+ Gold,850,Full,Black,149.8,https://es.pcpartpicker.com/product/26rRsY/corsair-rm850x-2021-850-w-80-gold-certified-fully-modular-atx-power-supply-cp-9020200-na,66,4.8
//cdna.pcpartpicker.com/static/forever/images/product/0d0290ef00ffadf3bfbfa414df6fd4fd.256p.jpg,Thermaltake Toughpower,ATX,80+ Gold,650,Semi,,149.97,https://es.pcpartpicker.com/product/3wGkcf/thermaltake-power-supply-pstpd0650mpcgus1,2,4.5
//cdna.pcpartpicker.com/static/forever/images/product/c4f28da151e816cab55dc880fa959845.256p.jpg,Cooler Master V750 SFX GOLD,SFX,80+ Gold,750,Full,White,149.99,https://es.pcpartpicker.com/product/JrLFf7/cooler-master-v-sfx-gold-750-w-80-gold-certified-fully-modular-sfx-power-supply-mpy-7501-sfhagv-wu,5,3.6
//cdna.pcpartpicker.com/static/forever/images/product/98b08be44e35e5cea8bae15a35027e3e.256p.jpg,EVGA SuperNOVA 850 G5,ATX,80+ Gold,850,Full,Black / Green,151,https://es.pcpartpicker.com/product/927p99/evga-supernova-850-g5-850-w-80-gold-certified-fully-modular-atx-power-supply-220-g5-0850-x1,15,4.6
https://m.media-amazon.com/images/I/41p8+JzLeYL.jpg,be quiet! Straight Power 11,ATX,80+ Platinum,750,Full,Black,151.22,https://es.pcpartpicker.com/product/f4mFf7/be-quiet-straight-power-11-750-w-80-platinum-certified-fully-modular-atx-power-supply-bn642,3,4.7
//cdna.pcpartpicker.com/static/forever/images/product/d5772fcef3f2fa90bbaef1a5b49107a0.256p.jpg,Fractal Design Ion Gold,ATX,80+ Gold,750,Full,Black,151.8,https://es.pcpartpicker.com/product/mL92FT/fractal-design-ion-gold-750-w-80-gold-certified-fully-modular-atx-power-supply-fd-p-ia2g-750,2,4.5
//cdna.pcpartpicker.com/static/forever/images/product/78afeb3cab692533f7fad2eba2975750.256p.jpg,Corsair RM750x White (2018),ATX,80+ Gold,750,Full,White / Black,152.16,https://es.pcpartpicker.com/product/p9YLrH/corsair-rmx-2018-750-w-80-gold-certified-fully-modular-atx-power-supply-cp-9020187-na,57,4.7
https://m.media-amazon.com/images/I/41p8+JzLeYL.jpg,be quiet! Straight Power 11 850W,ATX,80+ Gold,850,Full,,154.09,https://es.pcpartpicker.com/product/7cTPxr/be-quiet-straight-power-11-850w-80-gold-certified-fully-modular-atx-power-supply-bn284,10,4.8
//cdna.pcpartpicker.com/static/forever/images/product/ce3656f89d1a4d937f4390362cdfab3a.256p.jpg,Corsair TX650M,ATX,80+ Gold,650,Semi,Black,154.83,https://es.pcpartpicker.com/product/PR92FT/corsair-txm-2021-650-w-80-gold-certified-semi-modular-atx-power-supply-cp-9020229-eu,1,5
//cdna.pcpartpicker.com/static/forever/images/product/3a3df0d5abda15760f4d6222e5e1c5d0.256p.jpg,EVGA 650 N1,ATX,,650,No,,155,https://es.pcpartpicker.com/product/QKNypg/evga-650-n1-650-w-atx-power-supply-100-n1-0650-l1,4,4.5
//cdna.pcpartpicker.com/static/forever/images/product/fef7512dace78a5d11d0fea87eb8a7d6.256p.jpg,SeaSonic FOCUS Plus Platinum,ATX,80+ Platinum,550,Full,,156.31,https://es.pcpartpicker.com/product/sYyxFT/seasonic-focus-plus-platinum-550w-80-platinum-certified-fully-modular-atx-power-supply-ssr-550px,1,5
//cdna.pcpartpicker.com/static/forever/images/product/858613a28125fded4ae29e8fe2659158.256p.jpg,Fractal Design Ion+ 660P,ATX,80+ Platinum,660,Full,Black,157.87,https://es.pcpartpicker.com/product/4pGnTW/fractal-design-ion-660-w-80-platinum-certified-fully-modular-at-power-supply-fd-psu-ionp-660p-bk,7,5
//cdna.pcpartpicker.com/static/forever/images/product/3fecb5a05a7f614ab70e1ace80e3baee.256p.jpg,Gigabyte UD750GM,ATX,80+ Gold,750,Full,Black,158.08,https://es.pcpartpicker.com/product/W4Tp99/gigabyte-ud750gm-750-w-80-gold-certified-fully-modular-atx-power-supply-gp-ud750gm,5,4.4
//cdna.pcpartpicker.com/static/forever/images/product/bd2577c6ecabce9f78526a09410351e0.256p.jpg,Cooler Master V850 SFX GOLD,SFX,80+ Gold,850,Full,Black,158.9,https://es.pcpartpicker.com/product/Q36qqs/cooler-master-v850-sfx-gold-850-w-80-gold-certified-fully-modular-sfx-power-supply-mpy-8501-sfhagv-us,16,4.9
https://images-eu.ssl-images-amazon.com/images/I/41CJwCRv4yL.jpg,SeaSonic PRIME,ATX,80+ Gold,750,Full,Black,159.8,https://es.pcpartpicker.com/product/Wfvqqs/seasonic-prime-750-w-80-gold-certified-fully-modular-atx-power-supply-prime-gx-750,2,5
https://m.media-amazon.com/images/I/41qz8ybOs5L.jpg,Fractal Design Ion SFX 650G,SFX,80+ Gold,650,Full,Black,159.96,https://es.pcpartpicker.com/product/GZcRsY/fractal-design-ion-sfx-l-650-w-80-gold-certified-fully-modular-sfx-power-supply-fd-psu-ion-sfx-650g-bk,11,4.9
//cdna.pcpartpicker.com/static/forever/images/product/bbe21f47ec2630d63192b33bcbb7f5b1.256p.jpg,NZXT E650,ATX,80+ Gold,650,Full,Black,160.69,https://es.pcpartpicker.com/product/Gq97YJ/nzxt-e-650w-80-gold-certified-fully-modular-atx-power-supply-np-1pm-e650a,2,5
//cdna.pcpartpicker.com/static/forever/images/product/1dd87da4186d59970d24232ebfd36278.256p.jpg,EVGA SuperNOVA 550 G3,ATX,80+ Gold,550,Full,,162.96,https://es.pcpartpicker.com/product/sMM323/evga-supernova-550-g3-550-w-80-gold-certified-fully-modular-atx-power-supply-220-g3-0550,101,4.9
https://images-eu.ssl-images-amazon.com/images/I/51ebWZhy79L.jpg,Gigabyte AORUS P GM,ATX,80+ Gold,850,Full,Black / Silver,162.99,https://es.pcpartpicker.com/product/xzYQzy/gigabyte-aorus-p-gm-850-w-80-gold-certified-fully-modular-atx-power-supply-gp-ap850gm,3,4.7
//cdna.pcpartpicker.com/static/forever/images/product/d2b586719fcc037cadc1555a120715e7.256p.jpg,be quiet! Pure Power 11 FM 850,ATX,80+ Gold,850,Full,Black,164.11,https://es.pcpartpicker.com/product/KLgFf7/be-quiet-pure-power-11-fm-850-w-80-gold-certified-fully-modular-atx-power-supply-bn675,1,5
https://m.media-amazon.com/images/I/51T9HKd0PaL.jpg,Corsair RM650i,ATX,80+ Gold,650,Full,,164.9,https://es.pcpartpicker.com/product/cWDzK8/corsair-power-supply-cp9020081na,26,4.7
https://m.media-amazon.com/images/I/51Ax0tT-ewL.jpg,Corsair RM850x (2018),ATX,80+ Gold,850,Full,Black,164.9,https://es.pcpartpicker.com/product/VgQG3C/corsair-rmx-2018-850w-80-gold-certified-fully-modular-atx-power-supply-cp-9020180-na,158,4.8
//cdna.pcpartpicker.com/static/forever/images/product/ba70a2eb144a1dafb714c0f37eaabc30.256p.jpg,Asus ROG Strix,ATX,80+ Gold,750,Full,Black / Red,164.9,https://es.pcpartpicker.com/product/CRVG3C/asus-rog-strix-750-w-80-gold-certified-fully-modular-atx-power-supply-rog-strix-750g,9,4.9
https://m.media-amazon.com/images/I/515IcLW3aZL.jpg,Corsair SF600,SFX,80+ Gold,600,Full,,167.99,https://es.pcpartpicker.com/product/CQ648d/corsair-power-supply-cp9020105na,103,4.6
//cdna.pcpartpicker.com/static/forever/images/product/4d0b645b165d5177015549a95ded5cc9.256p.jpg,SeaSonic FOCUS GX,ATX,80+ Gold,1000,Full,Black,169.99,https://es.pcpartpicker.com/product/VDqBD3/seasonic-focus-gx-1000-w-80-gold-certified-fully-modular-atx-power-supply-focus-gx-1000,6,5
//cdna.pcpartpicker.com/static/forever/images/product/ed2b65163a469142ad0460bcfadf4850.256p.jpg,EVGA 1000 GQ,ATX,80+ Gold,1000,Semi,,170.16,https://es.pcpartpicker.com/product/bcTrxr/evga-1000-gq-1000-w-80-gold-certified-semi-modular-atx-power-supply-210-gq-1000,7,4.7
https://m.media-amazon.com/images/I/415efU+5tWL.jpg,Enermax REVOLUTION SFX,SFX,80+ Gold,650,Full,Black,172,https://es.pcpartpicker.com/product/DZDJ7P/enermax-revolution-sfx-650w-80-gold-certified-fully-modular-sfx-power-supply-erv650swt,1,5
//cdna.pcpartpicker.com/static/forever/images/product/ed389950ed8edcbe841a379aea923139.256p.jpg,Asus ROG-STRIX-850G,ATX,80+ Gold,850,Full,Black,173.51,https://es.pcpartpicker.com/product/4cWBD3/asus-rog-strix-850g-850-w-80-gold-certified-fully-modular-atx-power-supply-90ye00a3-b0na00,4,4.8
https://m.media-amazon.com/images/I/41p8+JzLeYL.jpg,be quiet! Straight Power 11,ATX,80+ Platinum,850,Full,Black,173.8,https://es.pcpartpicker.com/product/nqXYcf/be-quiet-straight-power-11-850-w-80-platinum-certified-fully-modular-atx-power-supply-bn643,6,5
https://m.media-amazon.com/images/I/51Q4YH4Qx4L.jpg,Corsair HX750 Platinum,ATX,80+ Platinum,750,Full,,174.9,https://es.pcpartpicker.com/product/LkM323/corsair-hx-platinum-750w-80-platinum-certified-fully-modular-atx-power-supply-cp-9020137-na,20,4.8
//cdna.pcpartpicker.com/static/forever/images/product/923d08dddeefd9976e03c76d149efb01.256p.jpg,SeaSonic FOCUS,ATX,80+ Platinum,750,Full,Black,176.76,https://es.pcpartpicker.com/product/kjZzK8/seasonic-focus-750-w-80-platinum-certified-fully-modular-atx-power-supply-focus-px-750,7,4.9
//cdna.pcpartpicker.com/static/forever/images/product/162e04ba3833a2563b77abea5b2f532c.256p.jpg,Thermaltake Toughpower Grand RGB,ATX,80+ Gold,850,Full,,177.46,https://es.pcpartpicker.com/product/h7Nypg/thermaltake-toughpower-grand-rgb-850w-80-gold-certified-fully-modular-atx-power-supply-ps-tpg-0850fpcgus-r,22,4.6
//cdna.pcpartpicker.com/static/forever/images/product/6d66feb3aa6d7d5f1747b7fb612ba6bf.256p.jpg,Thermaltake Toughpower GF1 ARGB,ATX,80+ Gold,850,Full,,178.65,https://es.pcpartpicker.com/product/PTBhP6/thermaltake-toughpower-gf1-argb-850-w-80-gold-certified-fully-modular-atx-power-supply-ps-tpd-0850f3fagu-1,1,5
//cdna.pcpartpicker.com/static/forever/images/product/83e4371175c6091bde1dd3e6dc1e48ce.256p.jpg,Thermaltake Toughpower Grand RGB,ATX,80+ Gold,650,Full,,183.9,https://es.pcpartpicker.com/product/v4L7YJ/thermaltake-toughpower-grand-rgb-650w-80-gold-certified-fully-modular-atx-power-supply-ps-tpg-0650fpcgus-r,10,4
https://m.media-amazon.com/images/I/41XA+O8OFNL.jpg,Corsair SF750,SFX,80+ Platinum,750,Full,,187.51,https://es.pcpartpicker.com/product/nJrmP6/corsair-750-w-80-platinum-certified-fully-modular-sfx-power-supply-cp-9020186-na,170,4.9
//cdna.pcpartpicker.com/static/forever/images/product/a39289b41b92d2d387a165aca1af3c9d.256p.jpg,SeaSonic FOCUS PX,ATX,80+ Platinum,850,Full,Black,188.9,https://es.pcpartpicker.com/product/rmrYcf/seasonic-focus-px-850-w-80-platinum-certified-fully-modular-atx-power-supply-focus-px-850,10,5
https://m.media-amazon.com/images/I/51RM+70bH6L.jpg,FSP Group FSP400-60FGGBA,Flex ATX,80+ Gold,400,No,,189,https://es.pcpartpicker.com/product/m4nG3C/fsp-group-power-supply-fsp40060fggba,1,4
//cdna.pcpartpicker.com/static/forever/images/product/f65b26700adeef63e855d55096fe6b9b.256p.jpg,Corsair RM850x (2018),ATX,80+ Gold,850,Full,White / Black,190.9,https://es.pcpartpicker.com/product/dnhKHx/corsair-rm850x-2018-850-w-80-gold-certified-fully-modular-atx-power-supply-cp-9020188-na,58,4.6
https://m.media-amazon.com/images/I/41CE6WAn6vS.jpg,Cooler Master V850 SFX GOLD,SFX,80+ Gold,850,Full,White,192.13,https://es.pcpartpicker.com/product/vJPQzy/cooler-master-v850-sfx-gold-850-w-80-gold-certified-fully-modular-sfx-power-supply-mpy-8501-sfhagv-wu,5,4.2
//cdna.pcpartpicker.com/static/forever/images/product/0dbe2767c8cdae695c3d2bd4d039d18e.256p.jpg,be quiet! Dark Power 12,ATX,80+ Titanium,750,Full,Black,192.18,https://es.pcpartpicker.com/product/vXvdnQ/be-quiet-dark-power-12-750-w-80-titanium-certified-fully-modular-atx-power-supply-bn314,2,4.5
https://m.media-amazon.com/images/I/41J1oMG4sWL.jpg,Silverstone SX700-PT,SFX,80+ Platinum,700,Full,Black,192.89,https://es.pcpartpicker.com/product/W7CFf7/silverstone-700-w-80-platinum-certified-fully-modular-sfx-power-supply-sst-sx700-pt,5,4.4
//cdna.pcpartpicker.com/static/forever/images/product/923d08dddeefd9976e03c76d149efb01.256p.jpg,SeaSonic FOCUS GX,ATX,80+ Gold,850,Full,Black,193.07,https://es.pcpartpicker.com/product/7v3mP6/seasonic-focus-gx-850-w-80-gold-certified-fully-modular-atx-power-supply-focus-gx-850,15,5
//cdna.pcpartpicker.com/static/forever/images/product/3f102f6accc41e69cdba76a63259abae.256p.jpg,SeaSonic FOCUS Plus Platinum,ATX,80+ Platinum,850,Full,,193.41,https://es.pcpartpicker.com/product/P638TW/seasonic-focus-plus-platinum-850w-80-platinum-certified-fully-modular-atx-power-supply-ssr-850px,18,4.8
//cdna.pcpartpicker.com/static/forever/images/product/cd577b0ff2b2037227c7cbd351e53882.256p.jpg,be quiet! Dark Power Pro 11,ATX,80+ Platinum,750,Semi,,193.57,https://es.pcpartpicker.com/product/MXbkcf/be-quiet-power-supply-bn252,3,5
//cdna.pcpartpicker.com/static/forever/images/product/2e9c1e7ffca723f2acf802efc7f4e331.256p.jpg,Corsair RM1000x (2021),ATX,80+ Gold,1000,Full,Black,193.99,https://es.pcpartpicker.com/product/jRvdnQ/corsair-rm1000x-2021-1000-w-80-gold-certified-fully-modular-atx-power-supply-cp-9020201-na,31,4.8
https://m.media-amazon.com/images/I/51s30iFwevL.jpg,Corsair HX850 Platinum,ATX,80+ Platinum,850,Full,,194.9,https://es.pcpartpicker.com/product/NGCrxr/corsair-hx-platinum-850w-80-platinum-certified-fully-modular-atx-power-supply-cp-9020138-na,13,4.5
//cdna.pcpartpicker.com/static/forever/images/product/b4a2d3f62255a1c35fd45aa3273c5173.256p.jpg,Corsair RM750x (2018),ATX,80+ Gold,750,Full,Black,199.9,https://es.pcpartpicker.com/product/79tQzy/corsair-rmx-2018-750w-80-gold-certified-fully-modular-atx-power-supply-cp-9020179-na,147,4.8
//cdna.pcpartpicker.com/static/forever/images/product/fb5ae2930e1fe2c321366e615b780cb1.256p.jpg,Asus ROG STRIX G,ATX,80+ Gold,1000,Full,Black,201.47,https://es.pcpartpicker.com/product/Nj3mP6/asus-rog-strix-g-1000-w-80-gold-certified-fully-modular-atx-power-supply-rog-strix-1000g,2,4.5
//cdna.pcpartpicker.com/static/forever/images/product/105950eeb9368cbce15269a3ab9d849b.256p.jpg,SeaSonic PRIME Ultra Gold 650,ATX,80+ Gold,650,Full,Black,202.32,https://es.pcpartpicker.com/product/7MfmP6/seasonic-prime-ultra-gold-650w-80-gold-certified-fully-modular-atx-power-supply-ssr-650gd2,1,4
//cdna.pcpartpicker.com/static/forever/images/product/31f095e495ae4555d237771d0f1ab2d4.256p.jpg,SeaSonic PRIME,ATX,80+ Gold,850,Full,Black,203.44,https://es.pcpartpicker.com/product/66rYcf/seasonic-prime-850-w-80-gold-certified-fully-modular-atx-power-supply-prime-gx-850,1,5
//cdna.pcpartpicker.com/static/forever/images/product/6873c77bf02de5a7da3da14d87f00651.256p.jpg,be quiet! Straight Power 11,ATX,80+ Platinum,1000,Full,Black,203.89,https://es.pcpartpicker.com/product/N7gQzy/be-quiet-straight-power-11-1000-w-80-platinum-certified-fully-modular-atx-power-supply-bn644,5,5
https://m.media-amazon.com/images/I/51QrX9Q1C5L.jpg,Silverstone Strider,ATX,80+ Gold,550,Full,,204,https://es.pcpartpicker.com/product/NkYXsY/silverstone-power-supply-st55fg,10,4.7
//cdna.pcpartpicker.com/static/forever/images/product/58e6050c5e5d04efcef185e17763df4c.256p.jpg,SeaSonic PRIME PX,ATX,80+ Platinum,750,Full,Black / Silver,207.9,https://es.pcpartpicker.com/product/ZrTzK8/seasonic-prime-px-750-w-80-platinum-certified-fully-modular-atx-power-supply-prime-px-750,2,4
https://m.media-amazon.com/images/I/41X3gYXO+ZL.jpg,Asus ROG LOKI,SFX,80+ Platinum,750,Full,Black / Silver,209.79,https://es.pcpartpicker.com/product/QPM48d/asus-rog-loki-750-w-80-platinum-certified-fully-modular-sfx-power-supply-90ye00n4-b0na00,1,5
//cdna.pcpartpicker.com/static/forever/images/product/929ea39886802f2bd52cc256e5d4e128.256p.jpg,Thermaltake Toughpower Grand RGB,ATX,80+ Gold,750,Full,,217,https://es.pcpartpicker.com/product/XRmxFT/thermaltake-toughpower-grand-rgb-750w-80-gold-certified-fully-modular-atx-power-supply-ps-tpg-0750fpcgus-r,25,4.7
https://m.media-amazon.com/images/I/51QvmULw-VL.jpg,Corsair HX1000 Platinum,ATX,80+ Platinum,1000,Full,,224.9,https://es.pcpartpicker.com/product/nQJkcf/corsair-hx-platinum-1000w-80-platinum-certified-fully-modular-atx-power-supply-cp-9020139-na,27,4.8
https://m.media-amazon.com/images/I/51ZuIg7bofL.jpg,EVGA 750 B5,ATX,80+ Bronze,750,Full,Black,225,https://es.pcpartpicker.com/product/TxWBD3/evga-750-b5-750-w-80-bronze-certified-fully-modular-atx-power-supply-220-b5-0750-v1,11,5
//cdna.pcpartpicker.com/static/forever/images/product/5ccdecd73f9b346ebf46d2845dc57ac2.256p.jpg,EVGA SuperNOVA 650 G3,ATX,80+ Gold,650,Full,,225,https://es.pcpartpicker.com/product/y88H99/evga-supernova-650-g3-650-w-80-gold-certified-fully-modular-atx-power-supply-220-g3-0650,149,4.8
https://m.media-amazon.com/images/I/51Dj7dv7NoL.jpg,Silverstone Strider Platinum,ATX,80+ Platinum,550,Full,,227.47,https://es.pcpartpicker.com/product/Hgbkcf/silverstone-power-supply-st55fpt,1,5
//cdna.pcpartpicker.com/static/forever/images/product/146e02bccb8a762200dfb2ba2e555011.256p.jpg,Corsair HX1000i (2022),ATX,80+ Platinum,1000,Full,Black,228.9,https://es.pcpartpicker.com/product/XBVmP6/corsair-hx1000i-2022-1000-w-80-platinum-certified-fully-modular-atx-power-supply-cp-9020214-na,1,5
//cdna.pcpartpicker.com/static/forever/images/product/84b3aab42651adcad9a0b05ac262ea53.256p.jpg,SeaSonic FOCUS Plus 650 Gold,ATX,80+ Gold,650,Full,,230,https://es.pcpartpicker.com/product/WrNypg/seasonic-focus-plus-gold-650w-80-gold-certified-fully-modular-atx-power-supply-ssr-650fx,71,5
//cdna.pcpartpicker.com/static/forever/images/product/945f04965046a028e6b2ce5a81524d9e.256p.jpg,EVGA SuperNOVA 1000 G5,ATX,80+ Gold,1000,Full,Black / Green,232.15,https://es.pcpartpicker.com/product/7GcRsY/evga-supernova-1000-g5-1000-w-80-gold-certified-fully-modular-atx-power-supply-220-g5-1000-x1,3,4.7
//cdna.pcpartpicker.com/static/forever/images/product/ccc2df5a722475a173d1037e58ef592d.256p.jpg,SeaSonic PRIME PX,ATX,80+ Platinum,850,Full,Black / Silver,236.05,https://es.pcpartpicker.com/product/YwNgXL/seasonic-prime-px-850-w-80-platinum-certified-fully-modular-atx-power-supply-prime-px-850,1,4
//cdna.pcpartpicker.com/static/forever/images/product/11975ced01b3c1c535a64bd28be746aa.256p.jpg,Super Flower Leadex Titanium,ATX,80+ Titanium,850,Full,Black,239.9,https://es.pcpartpicker.com/product/kz7p99/super-flower-leadex-titanium-850-w-80-titanium-certified-fully-modular-btx-power-supply-sf-850f14ht,1,5
//cdna.pcpartpicker.com/static/forever/images/product/c430f6a50502b8127832d06d7e21dfa8.256p.jpg,SeaSonic PRIME,ATX,80+ Gold,1000,Full,Black,244.35,https://es.pcpartpicker.com/product/jJMTwP/seasonic-prime-1000-w-80-gold-certified-fully-modular-atx-power-supply-prime-gx-1000,2,5
//cdna.pcpartpicker.com/static/forever/images/product/0dbe2767c8cdae695c3d2bd4d039d18e.256p.jpg,be quiet! Dark Power 12,ATX,80+ Titanium,850,Full,Black,245.95,https://es.pcpartpicker.com/product/XDxRsY/be-quiet-dark-power-12-850-w-80-titanium-certified-fully-modular-atx-power-supply-bn315,2,5
//cdna.pcpartpicker.com/static/forever/images/product/cef75cc13e5787d7c29760e9087905f4.256p.jpg,EVGA SuperNOVA 650 G+,ATX,80+ Gold,650,Full,Black,248,https://es.pcpartpicker.com/product/8PJtt6/evga-supernova-650-g-650-w-80-gold-certified-fully-modular-atx-power-supply-120-gp-0650-x1,32,4.9
//cdna.pcpartpicker.com/static/forever/images/product/fcd9fccfad52e1a64842df93df303d05.256p.jpg,Fractal Design Ion+ 860P,ATX,80+ Platinum,860,Full,Black,253.99,https://es.pcpartpicker.com/product/npGnTW/fractal-design-ion-860-w-80-platinum-certified-fully-modular-at-power-supply-fd-psu-ionp-860p-bk,14,4.9
https://m.media-amazon.com/images/I/51UyDWC5Y8L.jpg,EVGA 850 B5,ATX,80+ Bronze,850,Full,Black,254,https://es.pcpartpicker.com/product/ZCgQzy/evga-850-b5-850-w-80-bronze-certified-fully-modular-atx-power-supply-220-b5-0850-v1,8,4.4
https://m.media-amazon.com/images/I/51vGclsn+GL.jpg,Antec Signature,ATX,80+ Titanium,1000,Full,Black / Silver,259.54,https://es.pcpartpicker.com/product/dTqBD3/antec-signature-1000-w-80-titanium-certified-fully-modular-atx-power-supply-st1000,1,5
//cdna.pcpartpicker.com/static/forever/images/product/a15caa8216152ec9d5235cee607d2dc9.256p.jpg,Corsair HX1200 Platinum,ATX,80+ Platinum,1200,Full,,259.89,https://es.pcpartpicker.com/product/f7L7YJ/corsair-hx-platinum-1200w-80-platinum-certified-fully-modular-atx-power-supply-cp-9020140-na,21,5
https://m.media-amazon.com/images/I/41g9q5ngQEL.jpg,SeaSonic PRIME Ultra Gold 750,ATX,80+ Gold,750,Full,Black,262,https://es.pcpartpicker.com/product/VfM323/seasonic-prime-ultra-gold-750w-80-gold-certified-fully-modular-atx-power-supply-ssr-750gd2,3,4.7
//cdna.pcpartpicker.com/static/forever/images/product/7eb5273ec88fa51b14edb4ccaf0f9119.256p.jpg,Silverstone SX1000-LPT,SFX,80+ Platinum,1000,Full,Black,262.51,https://es.pcpartpicker.com/product/PXCFf7/silverstone-sx1000-lpt-1000-w-80-platinum-certified-fully-modular-sfx-power-supply-sst-sx1000-lpt,4,4.8
//cdna.pcpartpicker.com/static/forever/images/product/382627d6b0a36162931db13af716ef18.256p.jpg,SeaSonic FOCUS Plus 750 Gold,ATX,80+ Gold,750,Full,,273,https://es.pcpartpicker.com/product/64cMnQ/seasonic-focus-plus-gold-750w-80-gold-certified-fully-modular-atx-power-supply-ssr-750fx,70,4.9
//cdna.pcpartpicker.com/static/forever/images/product/f7a87b1e5994ff45d730053fc8e32065.256p.jpg,SeaSonic PRIME TX-750,ATX,80+ Titanium,750,Full,Black,273.98,https://es.pcpartpicker.com/product/Yp3mP6/seasonic-prime-tx-750-w-80-titanium-certified-fully-modular-atx-power-supply-prime-tx-750,2,5
https://m.media-amazon.com/images/I/41suN4vTHcL.jpg,Silverstone SX750-PT,SFX,80+ Platinum,750,Full,Black,283,https://es.pcpartpicker.com/product/3RLwrH/silverstone-sx-pt-750-w-80-platinum-certified-fully-modular-sfx-power-supply-sst-sx750-pt,1,5
//cdna.pcpartpicker.com/static/forever/images/product/4660cdb31f19516a32c5d2d7cbe8e213.256p.jpg,SeaSonic PRIME PX,ATX,80+ Platinum,1000,Full,Black / Silver,284.33,https://es.pcpartpicker.com/product/4GK2FT/seasonic-prime-px-1000-w-80-platinum-certified-fully-modular-atx-power-supply-prime-px-1000,1,4
//cdna.pcpartpicker.com/static/forever/images/product/f4ba2af40fa30a597244521a441515b5.256p.jpg,MSI A1000G PCIE5,ATX,80+ Gold,1000,Full,Black,284.89,https://es.pcpartpicker.com/product/ZDt9TW/msi-a1000g-pcie5-1000-w-80-gold-certified-fully-modular-atx-power-supply-mpg-a1000g-pcie-5,2,5
//cdna.pcpartpicker.com/static/forever/images/product/69d82e84ffacd47701de53b292f980dc.256p.jpg,Silverstone Strider Platinum S,ATX,80+ Platinum,1200,Full,Black,285.95,https://es.pcpartpicker.com/product/L4rmP6/silverstone-strider-platinum-s-1200-w-80-platinum-certified-fully-modular-atx-power-supply-sst-st1200-pts,1,5
//cdna.pcpartpicker.com/static/forever/images/product/5462c083781345bd7c5abeb837a488a8.256p.jpg,SeaSonic PRIME TX-850,ATX,80+ Titanium,850,Full,Black,288.32,https://es.pcpartpicker.com/product/4X2bt6/seasonic-prime-tx-850-w-80-titanium-certified-fully-modular-atx-power-supply-prime-tx-850,3,5
//cdna.pcpartpicker.com/static/forever/images/product/5ac9eba4fe8d8a6f38b27eb91198158b.256p.jpg,SeaSonic PRIME 600 Titanium,ATX,80+ Titanium,600,Full,Black,289.12,https://es.pcpartpicker.com/product/rbvbt6/seasonic-prime-titanium-600w-80-titanium-certified-fully-modular-fanless-atx-power-supply-ssr-600tl,4,5
https://m.media-amazon.com/images/I/41-p9gtd72L.jpg,Cooler Master V650 V2,ATX,80+ Gold,650,Full,White,296.99,https://es.pcpartpicker.com/product/WCNgXL/cooler-master-v-gold-v2-650-w-80-gold-certified-fully-modular-atx-power-supply-mpy-650v-agbag-us,5,4.6
https://images-na.ssl-images-amazon.com/images/I/41m%2BwApletL.jpg,Thermaltake Smart RGB,ATX,80+,700,No,,300.27,https://es.pcpartpicker.com/product/RwVD4D/thermaltake-smart-rgb-700w-80-certified-atx-power-supply-ps-spr-0700nhfawu-1,7,4.4
//cdna.pcpartpicker.com/static/forever/images/product/3f102f6accc41e69cdba76a63259abae.256p.jpg,SeaSonic FOCUS Plus Platinum,ATX,80+ Platinum,750,Full,,313,https://es.pcpartpicker.com/product/dCs8TW/seasonic-focus-plus-platinum-750w-80-platinum-certified-fully-modular-atx-power-supply-ssr-750px,31,5
//cdna.pcpartpicker.com/static/forever/images/product/4961712f438dc5f365e2597da42b13b1.256p.jpg,be quiet! Dark Power Pro 11,ATX,80+ Platinum,850,Semi,,314.82,https://es.pcpartpicker.com/product/7TBrxr/be-quiet-power-supply-bn253,7,5
//cdna.pcpartpicker.com/static/forever/images/product/0642070855c910ca32db3ee9c61f6285.256p.jpg,SeaSonic PRIME Fanless,ATX,80+ Titanium,700,Full,Black,317.58,https://es.pcpartpicker.com/product/JxkgXL/seasonic-prime-fanless-700-w-80-titanium-certified-fully-modular-fanless-atx-power-supply-prime-fanless-tx-700,1,5
//cdna.pcpartpicker.com/static/forever/images/product/ae66899de26828af3df3192aef48db02.256p.jpg,Corsair HX1500i (2022),ATX,80+ Platinum,1500,Full,Black,319.89,https://es.pcpartpicker.com/product/hrFbt6/corsair-hx1500i-2022-1500-w-80-platinum-certified-fully-modular-atx-power-supply-cp-9020215-na,2,5
https://m.media-amazon.com/images/I/41A8WI9MptL.jpg,Phanteks Revolt X,ATX,80+ Platinum,1200,Full,Black / Silver,321.71,https://es.pcpartpicker.com/product/Qgx2FT/phanteks-revolt-x-1200w-80-platinum-certified-fully-modular-atx-power-supply-ph-p1200ps,2,4.5
//cdna.pcpartpicker.com/static/forever/images/product/105950eeb9368cbce15269a3ab9d849b.256p.jpg,SeaSonic PRIME Ultra Gold 550,ATX,80+ Gold,550,Full,Black,324.06,https://es.pcpartpicker.com/product/9nmxFT/seasonic-prime-ultra-gold-550w-80-gold-certified-fully-modular-atx-power-supply-ssr-550gd2,2,5
https://m.media-amazon.com/images/I/51n-7HNjWrL.jpg,SeaSonic PRIME Ultra Titanium,ATX,80+ Titanium,650,Full,,324.39,https://es.pcpartpicker.com/product/fnjJ7P/seasonic-prime-ultra-titanium-650w-80-titanium-certified-fully-modular-atx-power-supply-ssr-650tr,7,5
https://m.media-amazon.com/images/I/51KqzDYe4JL.jpg,PC Power & Cooling Silencer,ATX,80+ Platinum,1050,Full,,330,https://es.pcpartpicker.com/product/Bz7v6h/pc-power-cooling-silencer-1050w-80-platinum-certified-fully-modular-atx-power-supply-fps1050-a5m00,1,5
//cdna.pcpartpicker.com/static/forever/images/product/6a8a616ad8c5c8328c602091299aa18f.256p.jpg,SeaSonic FOCUS Plus Gold,ATX,80+ Gold,1000,Full,Black,336,https://es.pcpartpicker.com/product/yTMwrH/seasonic-focus-plus-gold-1000-w-80-gold-certified-fully-modular-atx-power-supply-ssr-1000fx,10,4.8
//cdna.pcpartpicker.com/static/forever/images/product/84953168c3aebea55de5277456208733.256p.jpg,Corsair RM750x,ATX,80+ Gold,750,Full,,337.74,https://es.pcpartpicker.com/product/9q38TW/corsair-power-supply-cp9020092na,73,4.8
//cdna.pcpartpicker.com/static/forever/images/product/572836a3f2fc8ee586ff3ad85d979e7e.256p.jpg,SeaSonic PRIME PX-1300,ATX,80+ Platinum,1300,Full,Black,339.65,https://es.pcpartpicker.com/product/s2ZFf7/seasonic-prime-px-1300-w-80-platinum-certified-fully-modular-atx-power-supply-ssr-1300pd,3,5
//cdna.pcpartpicker.com/static/forever/images/product/a30a8c7b85ec517a19b9f3681531ac2d.256p.jpg,Phanteks Revolt X,ATX,80+ Platinum,1000,Full,Black / Silver,343.85,https://es.pcpartpicker.com/product/KMx2FT/phanteks-revolt-x-1000w-80-platinum-certified-fully-modular-atx-power-supply-ph-p1000ps,2,5
//cdna.pcpartpicker.com/static/forever/images/product/0507a17b19d2080a2a8ce1119a204254.256p.jpg,SeaSonic PRIME 1300 Gold,ATX,80+ Gold,1300,Full,Black,347.93,https://es.pcpartpicker.com/product/TYWfrH/seasonic-prime-gold-1300w-80-gold-certified-fully-modular-atx-power-supply-ssr-1300gd,1,4
//cdna.pcpartpicker.com/static/forever/images/product/5b4d3a0c8ba785ed560565371fb5b0a6.256p.jpg,Asus ROG THOR 1200P,ATX,80+ Platinum,1200,Full,Black,349,https://es.pcpartpicker.com/product/DnBTwP/asus-rog-thor-1200p-1200-w-80-platinum-certified-fully-modular-atx-power-supply-rog-thor-1200p,14,5
//cdna.pcpartpicker.com/static/forever/images/product/2f8794c5ac50f5b68812752fb408e31c.256p.jpg,Asus ROG THOR 850P,ATX,80+ Platinum,850,Full,Black / Red,349.84,https://es.pcpartpicker.com/product/6s448d/asus-rog-thor-850p-850-w-80-platinum-certified-fully-modular-atx-power-supply-rog-thor-850p,16,4.2
//cdna.pcpartpicker.com/static/forever/images/product/406a3c9c2063f1cd7196cbcd4c54ef94.256p.jpg,Corsair CX600,ATX,80+ Bronze,600,No,,363.14,https://es.pcpartpicker.com/product/Cfw323/corsair-cx600-600-w-80-bronze-certified-atx-power-supply-cx600,127,4.3
//cdna.pcpartpicker.com/static/forever/images/product/e72c3fcfc63c5773b97d76236ab5441e.256p.jpg,be quiet! Dark Power 12,ATX,80+ Titanium,1000,Full,Black,364.9,https://es.pcpartpicker.com/product/hb8bt6/be-quiet-dark-power-12-1000-w-80-titanium-certified-fully-modular-atx-power-supply-bn316,3,5
https://m.media-amazon.com/images/I/41v5hRa+TfL.jpg,be quiet! Dark Power Pro 12,ATX,80+ Titanium,1200,Full,Black,376.4,https://es.pcpartpicker.com/product/c96qqs/be-quiet-dark-power-pro-12-1200-w-80-titanium-certified-fully-modular-atx-power-supply-bn646,1,5
//cdna.pcpartpicker.com/static/forever/images/product/b61e2d3e03344a41e574c2b58322d8e0.256p.jpg,Thermaltake Toughpower GF3 TT Premium,ATX,80+ Gold,1650,Full,Black,379.99,https://es.pcpartpicker.com/product/X93gXL/thermaltake-toughpower-gf3-tt-premium-1650-w-80-gold-certified-fully-modular-atx-power-supply-ps-tpd-1600fnfagu-4,1,4
//cdna.pcpartpicker.com/static/forever/images/product/b7bb3e2fea075263ed3ba09b8790e399.256p.jpg,Thermaltake TOUGHPOWER PF1 ARGB,ATX,80+ Platinum,1200,Full,,385.68,https://es.pcpartpicker.com/product/XzYQzy/thermaltake-toughpower-pf1-argb-1200-w-80-platinum-certified-fully-modular-atx-power-supply-ps-tpd-1200f3fapu-1,1,5
//cdna.pcpartpicker.com/static/forever/images/product/2cf59bea2b20354fde02093a5614eeae.256p.jpg,Silverstone Strider Titanium,ATX,80+ Titanium,1500,Full,Black / Blue,399.5,https://es.pcpartpicker.com/product/s6TPxr/silverstone-strider-titanium-1500-w-80-titanium-certified-fully-modular-atx-power-supply-sst-st1500-ti,1,2
https://m.media-amazon.com/images/I/41v5hRa+TfL.jpg,be quiet! Dark Power Pro 12,ATX,80+ Titanium,1500,Full,Black,417.61,https://es.pcpartpicker.com/product/sdRgXL/be-quiet-dark-power-pro-12-1500-w-80-titanium-certified-fully-modular-atx-power-supply-bn647,4,3.8
//cdna.pcpartpicker.com/static/forever/images/product/ddf30eb493b0cb3230e1d063ea7f358d.256p.jpg,Super Flower Leadex III Gold,ATX,80+ Gold,850,Full,Black,432.33,https://es.pcpartpicker.com/product/8z7p99/super-flower-leadex-iii-gold-850-w-80-gold-certified-fully-modular-atx-power-supply-sf-850f14hg,20,4.8
https://m.media-amazon.com/images/I/41Gsz8OrSdL.jpg,SeaSonic PRIME TX-1000,ATX,80+ Titanium,1000,Full,Black,432.88,https://es.pcpartpicker.com/product/fKhmP6/seasonic-prime-tx-1000-w-80-titanium-certified-fully-modular-atx-power-supply-prime-tx-1000,7,5
//cdna.pcpartpicker.com/static/forever/images/product/273e9a1b20fdddfcb664ce46efc7e821.256p.jpg,Antec High Current Gamer Gold,ATX,80+ Gold,650,Full,Black,457,https://es.pcpartpicker.com/product/fndxFT/antec-high-current-gamer-gold-650w-80-gold-certified-fully-modular-atx-power-supply-hcg650-gold,4,4.8
https://m.media-amazon.com/images/I/41zKVZOycJL.jpg,Corsair CX750,ATX,80+ Bronze,750,No,,458.08,https://es.pcpartpicker.com/product/wb3RsY/corsair-power-supply-cx750,49,4.3
//cdna.pcpartpicker.com/static/forever/images/product/70fe10d5a0de7364a79f285b304accd5.256p.jpg,Super Flower Leadex Titanium,ATX,80+ Titanium,1000,Full,Black,461.23,https://es.pcpartpicker.com/product/rt848d/super-flower-leadex-titanium-1000-w-80-titanium-certified-fully-modular-btx-power-supply-sf-1000f14ht,3,5
//cdna.pcpartpicker.com/static/forever/images/product/fc49efc3716dc51de27acf0ee6cfdd10.256p.jpg,Antec High Current Gamer Extreme,ATX,80+ Gold,1000,Full,,474.16,https://es.pcpartpicker.com/product/d7dxFT/antec-high-current-gamer-extreme-1000w-80-gold-certified-fully-modular-atx-power-supply-hcg1000-extreme,2,4.5
//cdna.pcpartpicker.com/static/forever/images/product/1d57cf53a1289e4dfff1aed9b1cc272a.256p.jpg,Corsair AX1600i,ATX,80+ Titanium,1600,Full,,562.31,https://es.pcpartpicker.com/product/cJbwrH/corsair-1600w-80-titanium-certified-fully-modular-atx-power-supply-cp-9020087-na,8,5
https://images-eu.ssl-images-amazon.com/images/I/51w25%2BP4cnL.jpg,SeaSonic PRIME Ultra Titanium,ATX,80+ Titanium,1000,Full,,676.05,https://es.pcpartpicker.com/product/NxWfrH/seasonic-prime-ultra-titanium-1000w-80-titanium-certified-fully-modular-atx-power-supply-ssr-1000tr,4,5
